Workbook
Name chBelow: OFFSET(Calc!$H$2,0,0,MAX(1,Calc!$M$4),1)
Name chLab: OFFSET(Calc!$D$2,0,0,MAX(1,Calc!$M$4),1)
Name chMet: OFFSET(Calc!$G$2,0,0,MAX(1,Calc!$M$4),1)
Name chPart: OFFSET(Calc!$I$2,0,0,MAX(1,Calc!$M$4),1)
Name chReq: OFFSET(Calc!$J$2,0,0,MAX(1,Calc!$M$4),1)
Name nHours: Calc!$M$4
Name PicArea: OFFSET(Log!$A$1,0,0,21+Calc!$M$4,14)
Name ReqInit: Log!$P$12

Sheet Log
B2: =IF($P$9="","POURING REPORT",$P$9) -> POURING REPORT | J2: =IF($P$10="","",$P$10)
B3: =IF($P$11="","","Total quantity Q = "&TEXT($P$11,"#,##0")&" m³")
B5: REQUESTED RATE | D5: ACTUAL AVG RATE | G5: LOADED | L5: REJECTED
B6: {=IF(nHours>0,INDEX(Calc!$K$2:$K$49,nHours),ReqInit)} -> 0 | D6: =IF(Calc!$M$3-Calc!$M$1>=30,SUM(Messages!$E:$E)/((Calc!$M$3-Calc!$M$1)/60),"") | G6: =ROUND(SUM(Messages!$E:$E),1) -> 0 | L6: =ROUND(SUM(Messages!$J:$J)+N($P$14),1) -> 0
B7: PROGRESS | G7: REMAINING | L7: EXPECTED FINISH
B8: =IF(N($P$11)<=0,"",_xlfn.LET(_xlpm.p,($G$6-$L$6)/$P$11,_xlpm.n,ROUND(MAX(0,MIN(1,_xlpm.p))*20,0),REPT("■",_xlpm.n)&REPT("□",20-_xlpm.n)&" "&TEXT(_xlpm.p,"0%"))) | G8: =IF($P$11="","",ROUND($P$11-$G$6+$L$6,1)) | L8: =IF(OR($G$8="",NOT(ISNUMBER($D$6))),"—",IF($G$8<=0,"Done",IF($D$6<=0,"—",_xlfn.LET(_xlpm.f,Calc!$M$3+$G$8/$D$6*60,_xlpm.dt,IF(ISNUMBER($P$10),INT($P$10),TODAY())+INT(_xlpm.f/1440)-INT(Calc!$M$1/1440),IF(_xlpm.dt=TODAY(),"Today",IF(_xlpm.dt=TODAY()+1,"Tomorrow",TEXT(_xlpm.dt,"[$-409]ddd d mmm")))&" "&TEXT(MOD(_xlpm.f,1440)/1440,"[$-409]h:mm AM/PM"))))) -> — | O8: POUR SETUP ✎
O9: Title
O10: Date
O11: Total quantity Q (m³)
O12: Requested rate (m³/h)
O13: Start time (optional, auto)
O14: Rejected m³ (manual, optional)
O16: Messages to check ⚠ | P16: =COUNTIF(Messages!$G:$G,"⚠*") -> 0
O17: Trucks loaded | P17: =COUNT(Messages!$K:$K) -> 0
B19: TIME | C19: L1 | D19: L2 | E19: V3 | F19: V4 | G19: V5 | H19: TRUCKS | I19: RATE m³/h | J19: COMMENTS | O19: REQUESTED RATE CHANGE ✎ | P19: type the new rate in the hour it changed | Q19: TRUCKS
A20: =IF(ROW()-19<=nHours,1,IF(nHours=0,0,IF(ROW()-19=nHours+1,2,0))) -> 0 | B20: =IF($A20=1,TEXT((Calc!$C2-60)/1440,"hh:mm")&" – "&TEXT(Calc!$C2/1440,"hh:mm"),IF($A20=2,"TOTAL","")) | C20: =IF($A20=1,_xlfn.LET(_xlpm.s,SUMIFS(Messages!$E:$E,Messages!$D:$D,C$19,Messages!$K:$K,">="&Calc!$B2,Messages!$K:$K,"<"&Calc!$C2),IF(_xlpm.s=0,"",_xlpm.s)),IF($A20=2,SUMIFS(Messages!$E:$E,Messages!$D:$D,C$19),IF($A20=3,IFERROR(TEXT(SUMIFS(Messages!$E:$E,Messages!$D:$D,C$19)/SUM(Messages!$E:$E),"0%"),""),""))) | D20: =IF($A20=1,_xlfn.LET(_xlpm.s,SUMIFS(Messages!$E:$E,Messages!$D:$D,D$19,Messages!$K:$K,">="&Calc!$B2,Messages!$K:$K,"<"&Calc!$C2),IF(_xlpm.s=0,"",_xlpm.s)),IF($A20=2,SUMIFS(Messages!$E:$E,Messages!$D:$D,D$19),IF($A20=3,IFERROR(TEXT(SUMIFS(Messages!$E:$E,Messages!$D:$D,D$19)/SUM(Messages!$E:$E),"0%"),""),""))) | E20: =IF($A20=1,_xlfn.LET(_xlpm.s,SUMIFS(Messages!$E:$E,Messages!$D:$D,E$19,Messages!$K:$K,">="&Calc!$B2,Messages!$K:$K,"<"&Calc!$C2),IF(_xlpm.s=0,"",_xlpm.s)),IF($A20=2,SUMIFS(Messages!$E:$E,Messages!$D:$D,E$19),IF($A20=3,IFERROR(TEXT(SUMIFS(Messages!$E:$E,Messages!$D:$D,E$19)/SUM(Messages!$E:$E),"0%"),""),""))) | F20: =IF($A20=1,_xlfn.LET(_xlpm.s,SUMIFS(Messages!$E:$E,Messages!$D:$D,F$19,Messages!$K:$K,">="&Calc!$B2,Messages!$K:$K,"<"&Calc!$C2),IF(_xlpm.s=0,"",_xlpm.s)),IF($A20=2,SUMIFS(Messages!$E:$E,Messages!$D:$D,F$19),IF($A20=3,IFERROR(TEXT(SUMIFS(Messages!$E:$E,Messages!$D:$D,F$19)/SUM(Messages!$E:$E),"0%"),""),""))) | G20: =IF($A20=1,_xlfn.LET(_xlpm.s,SUMIFS(Messages!$E:$E,Messages!$D:$D,G$19,Messages!$K:$K,">="&Calc!$B2,Messages!$K:$K,"<"&Calc!$C2),IF(_xlpm.s=0,"",_xlpm.s)),IF($A20=2,SUMIFS(Messages!$E:$E,Messages!$D:$D,G$19),IF($A20=3,IFERROR(TEXT(SUMIFS(Messages!$E:$E,Messages!$D:$D,G$19)/SUM(Messages!$E:$E),"0%"),""),""))) | H20: =IF($A20=1,COUNTIFS(Messages!$K:$K,">="&Calc!$B2,Messages!$K:$K,"<"&Calc!$C2),IF($A20=2,COUNT(Messages!$K:$K),"")) | I20: =IF($A20=1,SUMIFS(Messages!$E:$E,Messages!$K:$K,">="&Calc!$B2,Messages!$K:$K,"<"&Calc!$C2),IF($A20=2,SUM(Messages!$E:$E),"")) | J20: =IF(AND($A20=1,$O20<>""),IF($O20<>IF(ROW()=20,ReqInit,Calc!$K1),"Client asked for "&$O20&" m³/h.",""),"") | Q20: =IF($A20>0,$H20,"")
A21: =IF(ROW()-19<=nHours,1,IF(nHours=0,0,IF(ROW()-19=nHours+1,2,0))) -> 0 | B21: =IF($A21=1,TEXT((Calc!$C3-60)/1440,"hh:mm")&" – "&TEXT(Calc!$C3/1440,"hh:mm"),IF($A21=2,"TOTAL","")) | C21: =IF($A21=1,_xlfn.LET(_xlpm.s,SUMIFS(Messages!$E:$E,Messages!$D:$D,C$19,Messages!$K:$K,">="&Calc!$B3,Messages!$K:$K,"<"&Calc!$C3),IF(_xlpm.s=0,"",_xlpm.s)),IF($A21=2,SUMIFS(Messages!$E:$E,Messages!$D:$D,C$19),IF($A21=3,IFERROR(TEXT(SUMIFS(Messages!$E:$E,Messages!$D:$D,C$19)/SUM(Messages!$E:$E),"0%"),""),""))) | D21: =IF($A21=1,_xlfn.LET(_xlpm.s,SUMIFS(Messages!$E:$E,Messages!$D:$D,D$19,Messages!$K:$K,">="&Calc!$B3,Messages!$K:$K,"<"&Calc!$C3),IF(_xlpm.s=0,"",_xlpm.s)),IF($A21=2,SUMIFS(Messages!$E:$E,Messages!$D:$D,D$19),IF($A21=3,IFERROR(TEXT(SUMIFS(Messages!$E:$E,Messages!$D:$D,D$19)/SUM(Messages!$E:$E),"0%"),""),""))) | E21: =IF($A21=1,_xlfn.LET(_xlpm.s,SUMIFS(Messages!$E:$E,Messages!$D:$D,E$19,Messages!$K:$K,">="&Calc!$B3,Messages!$K:$K,"<"&Calc!$C3),IF(_xlpm.s=0,"",_xlpm.s)),IF($A21=2,SUMIFS(Messages!$E:$E,Messages!$D:$D,E$19),IF($A21=3,IFERROR(TEXT(SUMIFS(Messages!$E:$E,Messages!$D:$D,E$19)/SUM(Messages!$E:$E),"0%"),""),""))) | F21: =IF($A21=1,_xlfn.LET(_xlpm.s,SUMIFS(Messages!$E:$E,Messages!$D:$D,F$19,Messages!$K:$K,">="&Calc!$B3,Messages!$K:$K,"<"&Calc!$C3),IF(_xlpm.s=0,"",_xlpm.s)),IF($A21=2,SUMIFS(Messages!$E:$E,Messages!$D:$D,F$19),IF($A21=3,IFERROR(TEXT(SUMIFS(Messages!$E:$E,Messages!$D:$D,F$19)/SUM(Messages!$E:$E),"0%"),""),""))) | G21: =IF($A21=1,_xlfn.LET(_xlpm.s,SUMIFS(Messages!$E:$E,Messages!$D:$D,G$19,Messages!$K:$K,">="&Calc!$B3,Messages!$K:$K,"<"&Calc!$C3),IF(_xlpm.s=0,"",_xlpm.s)),IF($A21=2,SUMIFS(Messages!$E:$E,Messages!$D:$D,G$19),IF($A21=3,IFERROR(TEXT(SUMIFS(Messages!$E:$E,Messages!$D:$D,G$19)/SUM(Messages!$E:$E),"0%"),""),""))) | H21: =IF($A21=1,COUNTIFS(Messages!$K:$K,">="&Calc!$B3,Messages!$K:$K,"<"&Calc!$C3),IF($A21=2,COUNT(Messages!$K:$K),"")) | I21: =IF($A21=1,SUMIFS(Messages!$E:$E,Messages!$K:$K,">="&Calc!$B3,Messages!$K:$K,"<"&Calc!$C3),IF($A21=2,SUM(Messages!$E:$E),"")) | J21: =IF(AND($A21=1,$O21<>""),IF($O21<>IF(ROW()=20,ReqInit,Calc!$K2),"Client asked for "&$O21&" m³/h.",""),"") | Q21: =IF($A21>0,$H21,"")
A22: =IF(ROW()-19<=nHours,1,IF(nHours=0,0,IF(ROW()-19=nHours+1,2,0))) -> 0 | B22: =IF($A22=1,TEXT((Calc!$C4-60)/1440,"hh:mm")&" – "&TEXT(Calc!$C4/1440,"hh:mm"),IF($A22=2,"TOTAL","")) | C22: =IF($A22=1,_xlfn.LET(_xlpm.s,SUMIFS(Messages!$E:$E,Messages!$D:$D,C$19,Messages!$K:$K,">="&Calc!$B4,Messages!$K:$K,"<"&Calc!$C4),IF(_xlpm.s=0,"",_xlpm.s)),IF($A22=2,SUMIFS(Messages!$E:$E,Messages!$D:$D,C$19),IF($A22=3,IFERROR(TEXT(SUMIFS(Messages!$E:$E,Messages!$D:$D,C$19)/SUM(Messages!$E:$E),"0%"),""),""))) | D22: =IF($A22=1,_xlfn.LET(_xlpm.s,SUMIFS(Messages!$E:$E,Messages!$D:$D,D$19,Messages!$K:$K,">="&Calc!$B4,Messages!$K:$K,"<"&Calc!$C4),IF(_xlpm.s=0,"",_xlpm.s)),IF($A22=2,SUMIFS(Messages!$E:$E,Messages!$D:$D,D$19),IF($A22=3,IFERROR(TEXT(SUMIFS(Messages!$E:$E,Messages!$D:$D,D$19)/SUM(Messages!$E:$E),"0%"),""),""))) | E22: =IF($A22=1,_xlfn.LET(_xlpm.s,SUMIFS(Messages!$E:$E,Messages!$D:$D,E$19,Messages!$K:$K,">="&Calc!$B4,Messages!$K:$K,"<"&Calc!$C4),IF(_xlpm.s=0,"",_xlpm.s)),IF($A22=2,SUMIFS(Messages!$E:$E,Messages!$D:$D,E$19),IF($A22=3,IFERROR(TEXT(SUMIFS(Messages!$E:$E,Messages!$D:$D,E$19)/SUM(Messages!$E:$E),"0%"),""),""))) | F22: =IF($A22=1,_xlfn.LET(_xlpm.s,SUMIFS(Messages!$E:$E,Messages!$D:$D,F$19,Messages!$K:$K,">="&Calc!$B4,Messages!$K:$K,"<"&Calc!$C4),IF(_xlpm.s=0,"",_xlpm.s)),IF($A22=2,SUMIFS(Messages!$E:$E,Messages!$D:$D,F$19),IF($A22=3,IFERROR(TEXT(SUMIFS(Messages!$E:$E,Messages!$D:$D,F$19)/SUM(Messages!$E:$E),"0%"),""),""))) | G22: =IF($A22=1,_xlfn.LET(_xlpm.s,SUMIFS(Messages!$E:$E,Messages!$D:$D,G$19,Messages!$K:$K,">="&Calc!$B4,Messages!$K:$K,"<"&Calc!$C4),IF(_xlpm.s=0,"",_xlpm.s)),IF($A22=2,SUMIFS(Messages!$E:$E,Messages!$D:$D,G$19),IF($A22=3,IFERROR(TEXT(SUMIFS(Messages!$E:$E,Messages!$D:$D,G$19)/SUM(Messages!$E:$E),"0%"),""),""))) | H22: =IF($A22=1,COUNTIFS(Messages!$K:$K,">="&Calc!$B4,Messages!$K:$K,"<"&Calc!$C4),IF($A22=2,COUNT(Messages!$K:$K),"")) | I22: =IF($A22=1,SUMIFS(Messages!$E:$E,Messages!$K:$K,">="&Calc!$B4,Messages!$K:$K,"<"&Calc!$C4),IF($A22=2,SUM(Messages!$E:$E),"")) | J22: =IF(AND($A22=1,$O22<>""),IF($O22<>IF(ROW()=20,ReqInit,Calc!$K3),"Client asked for "&$O22&" m³/h.",""),"") | Q22: =IF($A22>0,$H22,"")
A23: =IF(ROW()-19<=nHours,1,IF(nHours=0,0,IF(ROW()-19=nHours+1,2,0))) -> 0 | B23: =IF($A23=1,TEXT((Calc!$C5-60)/1440,"hh:mm")&" – "&TEXT(Calc!$C5/1440,"hh:mm"),IF($A23=2,"TOTAL","")) | C23: =IF($A23=1,_xlfn.LET(_xlpm.s,SUMIFS(Messages!$E:$E,Messages!$D:$D,C$19,Messages!$K:$K,">="&Calc!$B5,Messages!$K:$K,"<"&Calc!$C5),IF(_xlpm.s=0,"",_xlpm.s)),IF($A23=2,SUMIFS(Messages!$E:$E,Messages!$D:$D,C$19),IF($A23=3,IFERROR(TEXT(SUMIFS(Messages!$E:$E,Messages!$D:$D,C$19)/SUM(Messages!$E:$E),"0%"),""),""))) | D23: =IF($A23=1,_xlfn.LET(_xlpm.s,SUMIFS(Messages!$E:$E,Messages!$D:$D,D$19,Messages!$K:$K,">="&Calc!$B5,Messages!$K:$K,"<"&Calc!$C5),IF(_xlpm.s=0,"",_xlpm.s)),IF($A23=2,SUMIFS(Messages!$E:$E,Messages!$D:$D,D$19),IF($A23=3,IFERROR(TEXT(SUMIFS(Messages!$E:$E,Messages!$D:$D,D$19)/SUM(Messages!$E:$E),"0%"),""),""))) | E23: =IF($A23=1,_xlfn.LET(_xlpm.s,SUMIFS(Messages!$E:$E,Messages!$D:$D,E$19,Messages!$K:$K,">="&Calc!$B5,Messages!$K:$K,"<"&Calc!$C5),IF(_xlpm.s=0,"",_xlpm.s)),IF($A23=2,SUMIFS(Messages!$E:$E,Messages!$D:$D,E$19),IF($A23=3,IFERROR(TEXT(SUMIFS(Messages!$E:$E,Messages!$D:$D,E$19)/SUM(Messages!$E:$E),"0%"),""),""))) | F23: =IF($A23=1,_xlfn.LET(_xlpm.s,SUMIFS(Messages!$E:$E,Messages!$D:$D,F$19,Messages!$K:$K,">="&Calc!$B5,Messages!$K:$K,"<"&Calc!$C5),IF(_xlpm.s=0,"",_xlpm.s)),IF($A23=2,SUMIFS(Messages!$E:$E,Messages!$D:$D,F$19),IF($A23=3,IFERROR(TEXT(SUMIFS(Messages!$E:$E,Messages!$D:$D,F$19)/SUM(Messages!$E:$E),"0%"),""),""))) | G23: =IF($A23=1,_xlfn.LET(_xlpm.s,SUMIFS(Messages!$E:$E,Messages!$D:$D,G$19,Messages!$K:$K,">="&Calc!$B5,Messages!$K:$K,"<"&Calc!$C5),IF(_xlpm.s=0,"",_xlpm.s)),IF($A23=2,SUMIFS(Messages!$E:$E,Messages!$D:$D,G$19),IF($A23=3,IFERROR(TEXT(SUMIFS(Messages!$E:$E,Messages!$D:$D,G$19)/SUM(Messages!$E:$E),"0%"),""),""))) | H23: =IF($A23=1,COUNTIFS(Messages!$K:$K,">="&Calc!$B5,Messages!$K:$K,"<"&Calc!$C5),IF($A23=2,COUNT(Messages!$K:$K),"")) | I23: =IF($A23=1,SUMIFS(Messages!$E:$E,Messages!$K:$K,">="&Calc!$B5,Messages!$K:$K,"<"&Calc!$C5),IF($A23=2,SUM(Messages!$E:$E),"")) | J23: =IF(AND($A23=1,$O23<>""),IF($O23<>IF(ROW()=20,ReqInit,Calc!$K4),"Client asked for "&$O23&" m³/h.",""),"") | Q23: =IF($A23>0,$H23,"")
A24: =IF(ROW()-19<=nHours,1,IF(nHours=0,0,IF(ROW()-19=nHours+1,2,0))) -> 0 | B24: =IF($A24=1,TEXT((Calc!$C6-60)/1440,"hh:mm")&" – "&TEXT(Calc!$C6/1440,"hh:mm"),IF($A24=2,"TOTAL","")) | C24: =IF($A24=1,_xlfn.LET(_xlpm.s,SUMIFS(Messages!$E:$E,Messages!$D:$D,C$19,Messages!$K:$K,">="&Calc!$B6,Messages!$K:$K,"<"&Calc!$C6),IF(_xlpm.s=0,"",_xlpm.s)),IF($A24=2,SUMIFS(Messages!$E:$E,Messages!$D:$D,C$19),IF($A24=3,IFERROR(TEXT(SUMIFS(Messages!$E:$E,Messages!$D:$D,C$19)/SUM(Messages!$E:$E),"0%"),""),""))) | D24: =IF($A24=1,_xlfn.LET(_xlpm.s,SUMIFS(Messages!$E:$E,Messages!$D:$D,D$19,Messages!$K:$K,">="&Calc!$B6,Messages!$K:$K,"<"&Calc!$C6),IF(_xlpm.s=0,"",_xlpm.s)),IF($A24=2,SUMIFS(Messages!$E:$E,Messages!$D:$D,D$19),IF($A24=3,IFERROR(TEXT(SUMIFS(Messages!$E:$E,Messages!$D:$D,D$19)/SUM(Messages!$E:$E),"0%"),""),""))) | E24: =IF($A24=1,_xlfn.LET(_xlpm.s,SUMIFS(Messages!$E:$E,Messages!$D:$D,E$19,Messages!$K:$K,">="&Calc!$B6,Messages!$K:$K,"<"&Calc!$C6),IF(_xlpm.s=0,"",_xlpm.s)),IF($A24=2,SUMIFS(Messages!$E:$E,Messages!$D:$D,E$19),IF($A24=3,IFERROR(TEXT(SUMIFS(Messages!$E:$E,Messages!$D:$D,E$19)/SUM(Messages!$E:$E),"0%"),""),""))) | F24: =IF($A24=1,_xlfn.LET(_xlpm.s,SUMIFS(Messages!$E:$E,Messages!$D:$D,F$19,Messages!$K:$K,">="&Calc!$B6,Messages!$K:$K,"<"&Calc!$C6),IF(_xlpm.s=0,"",_xlpm.s)),IF($A24=2,SUMIFS(Messages!$E:$E,Messages!$D:$D,F$19),IF($A24=3,IFERROR(TEXT(SUMIFS(Messages!$E:$E,Messages!$D:$D,F$19)/SUM(Messages!$E:$E),"0%"),""),""))) | G24: =IF($A24=1,_xlfn.LET(_xlpm.s,SUMIFS(Messages!$E:$E,Messages!$D:$D,G$19,Messages!$K:$K,">="&Calc!$B6,Messages!$K:$K,"<"&Calc!$C6),IF(_xlpm.s=0,"",_xlpm.s)),IF($A24=2,SUMIFS(Messages!$E:$E,Messages!$D:$D,G$19),IF($A24=3,IFERROR(TEXT(SUMIFS(Messages!$E:$E,Messages!$D:$D,G$19)/SUM(Messages!$E:$E),"0%"),""),""))) | H24: =IF($A24=1,COUNTIFS(Messages!$K:$K,">="&Calc!$B6,Messages!$K:$K,"<"&Calc!$C6),IF($A24=2,COUNT(Messages!$K:$K),"")) | I24: =IF($A24=1,SUMIFS(Messages!$E:$E,Messages!$K:$K,">="&Calc!$B6,Messages!$K:$K,"<"&Calc!$C6),IF($A24=2,SUM(Messages!$E:$E),"")) | J24: =IF(AND($A24=1,$O24<>""),IF($O24<>IF(ROW()=20,ReqInit,Calc!$K5),"Client asked for "&$O24&" m³/h.",""),"") | Q24: =IF($A24>0,$H24,"")
A25: =IF(ROW()-19<=nHours,1,IF(nHours=0,0,IF(ROW()-19=nHours+1,2,0))) -> 0 | B25: =IF($A25=1,TEXT((Calc!$C7-60)/1440,"hh:mm")&" – "&TEXT(Calc!$C7/1440,"hh:mm"),IF($A25=2,"TOTAL","")) | C25: =IF($A25=1,_xlfn.LET(_xlpm.s,SUMIFS(Messages!$E:$E,Messages!$D:$D,C$19,Messages!$K:$K,">="&Calc!$B7,Messages!$K:$K,"<"&Calc!$C7),IF(_xlpm.s=0,"",_xlpm.s)),IF($A25=2,SUMIFS(Messages!$E:$E,Messages!$D:$D,C$19),IF($A25=3,IFERROR(TEXT(SUMIFS(Messages!$E:$E,Messages!$D:$D,C$19)/SUM(Messages!$E:$E),"0%"),""),""))) | D25: =IF($A25=1,_xlfn.LET(_xlpm.s,SUMIFS(Messages!$E:$E,Messages!$D:$D,D$19,Messages!$K:$K,">="&Calc!$B7,Messages!$K:$K,"<"&Calc!$C7),IF(_xlpm.s=0,"",_xlpm.s)),IF($A25=2,SUMIFS(Messages!$E:$E,Messages!$D:$D,D$19),IF($A25=3,IFERROR(TEXT(SUMIFS(Messages!$E:$E,Messages!$D:$D,D$19)/SUM(Messages!$E:$E),"0%"),""),""))) | E25: =IF($A25=1,_xlfn.LET(_xlpm.s,SUMIFS(Messages!$E:$E,Messages!$D:$D,E$19,Messages!$K:$K,">="&Calc!$B7,Messages!$K:$K,"<"&Calc!$C7),IF(_xlpm.s=0,"",_xlpm.s)),IF($A25=2,SUMIFS(Messages!$E:$E,Messages!$D:$D,E$19),IF($A25=3,IFERROR(TEXT(SUMIFS(Messages!$E:$E,Messages!$D:$D,E$19)/SUM(Messages!$E:$E),"0%"),""),""))) | F25: =IF($A25=1,_xlfn.LET(_xlpm.s,SUMIFS(Messages!$E:$E,Messages!$D:$D,F$19,Messages!$K:$K,">="&Calc!$B7,Messages!$K:$K,"<"&Calc!$C7),IF(_xlpm.s=0,"",_xlpm.s)),IF($A25=2,SUMIFS(Messages!$E:$E,Messages!$D:$D,F$19),IF($A25=3,IFERROR(TEXT(SUMIFS(Messages!$E:$E,Messages!$D:$D,F$19)/SUM(Messages!$E:$E),"0%"),""),""))) | G25: =IF($A25=1,_xlfn.LET(_xlpm.s,SUMIFS(Messages!$E:$E,Messages!$D:$D,G$19,Messages!$K:$K,">="&Calc!$B7,Messages!$K:$K,"<"&Calc!$C7),IF(_xlpm.s=0,"",_xlpm.s)),IF($A25=2,SUMIFS(Messages!$E:$E,Messages!$D:$D,G$19),IF($A25=3,IFERROR(TEXT(SUMIFS(Messages!$E:$E,Messages!$D:$D,G$19)/SUM(Messages!$E:$E),"0%"),""),""))) | H25: =IF($A25=1,COUNTIFS(Messages!$K:$K,">="&Calc!$B7,Messages!$K:$K,"<"&Calc!$C7),IF($A25=2,COUNT(Messages!$K:$K),"")) | I25: =IF($A25=1,SUMIFS(Messages!$E:$E,Messages!$K:$K,">="&Calc!$B7,Messages!$K:$K,"<"&Calc!$C7),IF($A25=2,SUM(Messages!$E:$E),"")) | J25: =IF(AND($A25=1,$O25<>""),IF($O25<>IF(ROW()=20,ReqInit,Calc!$K6),"Client asked for "&$O25&" m³/h.",""),"") | Q25: =IF($A25>0,$H25,"")
A26: =IF(ROW()-19<=nHours,1,IF(nHours=0,0,IF(ROW()-19=nHours+1,2,0))) -> 0 | B26: =IF($A26=1,TEXT((Calc!$C8-60)/1440,"hh:mm")&" – "&TEXT(Calc!$C8/1440,"hh:mm"),IF($A26=2,"TOTAL","")) | C26: =IF($A26=1,_xlfn.LET(_xlpm.s,SUMIFS(Messages!$E:$E,Messages!$D:$D,C$19,Messages!$K:$K,">="&Calc!$B8,Messages!$K:$K,"<"&Calc!$C8),IF(_xlpm.s=0,"",_xlpm.s)),IF($A26=2,SUMIFS(Messages!$E:$E,Messages!$D:$D,C$19),IF($A26=3,IFERROR(TEXT(SUMIFS(Messages!$E:$E,Messages!$D:$D,C$19)/SUM(Messages!$E:$E),"0%"),""),""))) | D26: =IF($A26=1,_xlfn.LET(_xlpm.s,SUMIFS(Messages!$E:$E,Messages!$D:$D,D$19,Messages!$K:$K,">="&Calc!$B8,Messages!$K:$K,"<"&Calc!$C8),IF(_xlpm.s=0,"",_xlpm.s)),IF($A26=2,SUMIFS(Messages!$E:$E,Messages!$D:$D,D$19),IF($A26=3,IFERROR(TEXT(SUMIFS(Messages!$E:$E,Messages!$D:$D,D$19)/SUM(Messages!$E:$E),"0%"),""),""))) | E26: =IF($A26=1,_xlfn.LET(_xlpm.s,SUMIFS(Messages!$E:$E,Messages!$D:$D,E$19,Messages!$K:$K,">="&Calc!$B8,Messages!$K:$K,"<"&Calc!$C8),IF(_xlpm.s=0,"",_xlpm.s)),IF($A26=2,SUMIFS(Messages!$E:$E,Messages!$D:$D,E$19),IF($A26=3,IFERROR(TEXT(SUMIFS(Messages!$E:$E,Messages!$D:$D,E$19)/SUM(Messages!$E:$E),"0%"),""),""))) | F26: =IF($A26=1,_xlfn.LET(_xlpm.s,SUMIFS(Messages!$E:$E,Messages!$D:$D,F$19,Messages!$K:$K,">="&Calc!$B8,Messages!$K:$K,"<"&Calc!$C8),IF(_xlpm.s=0,"",_xlpm.s)),IF($A26=2,SUMIFS(Messages!$E:$E,Messages!$D:$D,F$19),IF($A26=3,IFERROR(TEXT(SUMIFS(Messages!$E:$E,Messages!$D:$D,F$19)/SUM(Messages!$E:$E),"0%"),""),""))) | G26: =IF($A26=1,_xlfn.LET(_xlpm.s,SUMIFS(Messages!$E:$E,Messages!$D:$D,G$19,Messages!$K:$K,">="&Calc!$B8,Messages!$K:$K,"<"&Calc!$C8),IF(_xlpm.s=0,"",_xlpm.s)),IF($A26=2,SUMIFS(Messages!$E:$E,Messages!$D:$D,G$19),IF($A26=3,IFERROR(TEXT(SUMIFS(Messages!$E:$E,Messages!$D:$D,G$19)/SUM(Messages!$E:$E),"0%"),""),""))) | H26: =IF($A26=1,COUNTIFS(Messages!$K:$K,">="&Calc!$B8,Messages!$K:$K,"<"&Calc!$C8),IF($A26=2,COUNT(Messages!$K:$K),"")) | I26: =IF($A26=1,SUMIFS(Messages!$E:$E,Messages!$K:$K,">="&Calc!$B8,Messages!$K:$K,"<"&Calc!$C8),IF($A26=2,SUM(Messages!$E:$E),"")) | J26: =IF(AND($A26=1,$O26<>""),IF($O26<>IF(ROW()=20,ReqInit,Calc!$K7),"Client asked for "&$O26&" m³/h.",""),"") | Q26: =IF($A26>0,$H26,"")
A27: =IF(ROW()-19<=nHours,1,IF(nHours=0,0,IF(ROW()-19=nHours+1,2,0))) -> 0 | B27: =IF($A27=1,TEXT((Calc!$C9-60)/1440,"hh:mm")&" – "&TEXT(Calc!$C9/1440,"hh:mm"),IF($A27=2,"TOTAL","")) | C27: =IF($A27=1,_xlfn.LET(_xlpm.s,SUMIFS(Messages!$E:$E,Messages!$D:$D,C$19,Messages!$K:$K,">="&Calc!$B9,Messages!$K:$K,"<"&Calc!$C9),IF(_xlpm.s=0,"",_xlpm.s)),IF($A27=2,SUMIFS(Messages!$E:$E,Messages!$D:$D,C$19),IF($A27=3,IFERROR(TEXT(SUMIFS(Messages!$E:$E,Messages!$D:$D,C$19)/SUM(Messages!$E:$E),"0%"),""),""))) | D27: =IF($A27=1,_xlfn.LET(_xlpm.s,SUMIFS(Messages!$E:$E,Messages!$D:$D,D$19,Messages!$K:$K,">="&Calc!$B9,Messages!$K:$K,"<"&Calc!$C9),IF(_xlpm.s=0,"",_xlpm.s)),IF($A27=2,SUMIFS(Messages!$E:$E,Messages!$D:$D,D$19),IF($A27=3,IFERROR(TEXT(SUMIFS(Messages!$E:$E,Messages!$D:$D,D$19)/SUM(Messages!$E:$E),"0%"),""),""))) | E27: =IF($A27=1,_xlfn.LET(_xlpm.s,SUMIFS(Messages!$E:$E,Messages!$D:$D,E$19,Messages!$K:$K,">="&Calc!$B9,Messages!$K:$K,"<"&Calc!$C9),IF(_xlpm.s=0,"",_xlpm.s)),IF($A27=2,SUMIFS(Messages!$E:$E,Messages!$D:$D,E$19),IF($A27=3,IFERROR(TEXT(SUMIFS(Messages!$E:$E,Messages!$D:$D,E$19)/SUM(Messages!$E:$E),"0%"),""),""))) | F27: =IF($A27=1,_xlfn.LET(_xlpm.s,SUMIFS(Messages!$E:$E,Messages!$D:$D,F$19,Messages!$K:$K,">="&Calc!$B9,Messages!$K:$K,"<"&Calc!$C9),IF(_xlpm.s=0,"",_xlpm.s)),IF($A27=2,SUMIFS(Messages!$E:$E,Messages!$D:$D,F$19),IF($A27=3,IFERROR(TEXT(SUMIFS(Messages!$E:$E,Messages!$D:$D,F$19)/SUM(Messages!$E:$E),"0%"),""),""))) | G27: =IF($A27=1,_xlfn.LET(_xlpm.s,SUMIFS(Messages!$E:$E,Messages!$D:$D,G$19,Messages!$K:$K,">="&Calc!$B9,Messages!$K:$K,"<"&Calc!$C9),IF(_xlpm.s=0,"",_xlpm.s)),IF($A27=2,SUMIFS(Messages!$E:$E,Messages!$D:$D,G$19),IF($A27=3,IFERROR(TEXT(SUMIFS(Messages!$E:$E,Messages!$D:$D,G$19)/SUM(Messages!$E:$E),"0%"),""),""))) | H27: =IF($A27=1,COUNTIFS(Messages!$K:$K,">="&Calc!$B9,Messages!$K:$K,"<"&Calc!$C9),IF($A27=2,COUNT(Messages!$K:$K),"")) | I27: =IF($A27=1,SUMIFS(Messages!$E:$E,Messages!$K:$K,">="&Calc!$B9,Messages!$K:$K,"<"&Calc!$C9),IF($A27=2,SUM(Messages!$E:$E),"")) | J27: =IF(AND($A27=1,$O27<>""),IF($O27<>IF(ROW()=20,ReqInit,Calc!$K8),"Client asked for "&$O27&" m³/h.",""),"") | Q27: =IF($A27>0,$H27,"")
A28: =IF(ROW()-19<=nHours,1,IF(nHours=0,0,IF(ROW()-19=nHours+1,2,0))) -> 0 | B28: =IF($A28=1,TEXT((Calc!$C10-60)/1440,"hh:mm")&" – "&TEXT(Calc!$C10/1440,"hh:mm"),IF($A28=2,"TOTAL","")) | C28: =IF($A28=1,_xlfn.LET(_xlpm.s,SUMIFS(Messages!$E:$E,Messages!$D:$D,C$19,Messages!$K:$K,">="&Calc!$B10,Messages!$K:$K,"<"&Calc!$C10),IF(_xlpm.s=0,"",_xlpm.s)),IF($A28=2,SUMIFS(Messages!$E:$E,Messages!$D:$D,C$19),IF($A28=3,IFERROR(TEXT(SUMIFS(Messages!$E:$E,Messages!$D:$D,C$19)/SUM(Messages!$E:$E),"0%"),""),""))) | D28: =IF($A28=1,_xlfn.LET(_xlpm.s,SUMIFS(Messages!$E:$E,Messages!$D:$D,D$19,Messages!$K:$K,">="&Calc!$B10,Messages!$K:$K,"<"&Calc!$C10),IF(_xlpm.s=0,"",_xlpm.s)),IF($A28=2,SUMIFS(Messages!$E:$E,Messages!$D:$D,D$19),IF($A28=3,IFERROR(TEXT(SUMIFS(Messages!$E:$E,Messages!$D:$D,D$19)/SUM(Messages!$E:$E),"0%"),""),""))) | E28: =IF($A28=1,_xlfn.LET(_xlpm.s,SUMIFS(Messages!$E:$E,Messages!$D:$D,E$19,Messages!$K:$K,">="&Calc!$B10,Messages!$K:$K,"<"&Calc!$C10),IF(_xlpm.s=0,"",_xlpm.s)),IF($A28=2,SUMIFS(Messages!$E:$E,Messages!$D:$D,E$19),IF($A28=3,IFERROR(TEXT(SUMIFS(Messages!$E:$E,Messages!$D:$D,E$19)/SUM(Messages!$E:$E),"0%"),""),""))) | F28: =IF($A28=1,_xlfn.LET(_xlpm.s,SUMIFS(Messages!$E:$E,Messages!$D:$D,F$19,Messages!$K:$K,">="&Calc!$B10,Messages!$K:$K,"<"&Calc!$C10),IF(_xlpm.s=0,"",_xlpm.s)),IF($A28=2,SUMIFS(Messages!$E:$E,Messages!$D:$D,F$19),IF($A28=3,IFERROR(TEXT(SUMIFS(Messages!$E:$E,Messages!$D:$D,F$19)/SUM(Messages!$E:$E),"0%"),""),""))) | G28: =IF($A28=1,_xlfn.LET(_xlpm.s,SUMIFS(Messages!$E:$E,Messages!$D:$D,G$19,Messages!$K:$K,">="&Calc!$B10,Messages!$K:$K,"<"&Calc!$C10),IF(_xlpm.s=0,"",_xlpm.s)),IF($A28=2,SUMIFS(Messages!$E:$E,Messages!$D:$D,G$19),IF($A28=3,IFERROR(TEXT(SUMIFS(Messages!$E:$E,Messages!$D:$D,G$19)/SUM(Messages!$E:$E),"0%"),""),""))) | H28: =IF($A28=1,COUNTIFS(Messages!$K:$K,">="&Calc!$B10,Messages!$K:$K,"<"&Calc!$C10),IF($A28=2,COUNT(Messages!$K:$K),"")) | I28: =IF($A28=1,SUMIFS(Messages!$E:$E,Messages!$K:$K,">="&Calc!$B10,Messages!$K:$K,"<"&Calc!$C10),IF($A28=2,SUM(Messages!$E:$E),"")) | J28: =IF(AND($A28=1,$O28<>""),IF($O28<>IF(ROW()=20,ReqInit,Calc!$K9),"Client asked for "&$O28&" m³/h.",""),"") | Q28: =IF($A28>0,$H28,"")
A29: =IF(ROW()-19<=nHours,1,IF(nHours=0,0,IF(ROW()-19=nHours+1,2,0))) -> 0 | B29: =IF($A29=1,TEXT((Calc!$C11-60)/1440,"hh:mm")&" – "&TEXT(Calc!$C11/1440,"hh:mm"),IF($A29=2,"TOTAL","")) | C29: =IF($A29=1,_xlfn.LET(_xlpm.s,SUMIFS(Messages!$E:$E,Messages!$D:$D,C$19,Messages!$K:$K,">="&Calc!$B11,Messages!$K:$K,"<"&Calc!$C11),IF(_xlpm.s=0,"",_xlpm.s)),IF($A29=2,SUMIFS(Messages!$E:$E,Messages!$D:$D,C$19),IF($A29=3,IFERROR(TEXT(SUMIFS(Messages!$E:$E,Messages!$D:$D,C$19)/SUM(Messages!$E:$E),"0%"),""),""))) | D29: =IF($A29=1,_xlfn.LET(_xlpm.s,SUMIFS(Messages!$E:$E,Messages!$D:$D,D$19,Messages!$K:$K,">="&Calc!$B11,Messages!$K:$K,"<"&Calc!$C11),IF(_xlpm.s=0,"",_xlpm.s)),IF($A29=2,SUMIFS(Messages!$E:$E,Messages!$D:$D,D$19),IF($A29=3,IFERROR(TEXT(SUMIFS(Messages!$E:$E,Messages!$D:$D,D$19)/SUM(Messages!$E:$E),"0%"),""),""))) | E29: =IF($A29=1,_xlfn.LET(_xlpm.s,SUMIFS(Messages!$E:$E,Messages!$D:$D,E$19,Messages!$K:$K,">="&Calc!$B11,Messages!$K:$K,"<"&Calc!$C11),IF(_xlpm.s=0,"",_xlpm.s)),IF($A29=2,SUMIFS(Messages!$E:$E,Messages!$D:$D,E$19),IF($A29=3,IFERROR(TEXT(SUMIFS(Messages!$E:$E,Messages!$D:$D,E$19)/SUM(Messages!$E:$E),"0%"),""),""))) | F29: =IF($A29=1,_xlfn.LET(_xlpm.s,SUMIFS(Messages!$E:$E,Messages!$D:$D,F$19,Messages!$K:$K,">="&Calc!$B11,Messages!$K:$K,"<"&Calc!$C11),IF(_xlpm.s=0,"",_xlpm.s)),IF($A29=2,SUMIFS(Messages!$E:$E,Messages!$D:$D,F$19),IF($A29=3,IFERROR(TEXT(SUMIFS(Messages!$E:$E,Messages!$D:$D,F$19)/SUM(Messages!$E:$E),"0%"),""),""))) | G29: =IF($A29=1,_xlfn.LET(_xlpm.s,SUMIFS(Messages!$E:$E,Messages!$D:$D,G$19,Messages!$K:$K,">="&Calc!$B11,Messages!$K:$K,"<"&Calc!$C11),IF(_xlpm.s=0,"",_xlpm.s)),IF($A29=2,SUMIFS(Messages!$E:$E,Messages!$D:$D,G$19),IF($A29=3,IFERROR(TEXT(SUMIFS(Messages!$E:$E,Messages!$D:$D,G$19)/SUM(Messages!$E:$E),"0%"),""),""))) | H29: =IF($A29=1,COUNTIFS(Messages!$K:$K,">="&Calc!$B11,Messages!$K:$K,"<"&Calc!$C11),IF($A29=2,COUNT(Messages!$K:$K),"")) | I29: =IF($A29=1,SUMIFS(Messages!$E:$E,Messages!$K:$K,">="&Calc!$B11,Messages!$K:$K,"<"&Calc!$C11),IF($A29=2,SUM(Messages!$E:$E),"")) | J29: =IF(AND($A29=1,$O29<>""),IF($O29<>IF(ROW()=20,ReqInit,Calc!$K10),"Client asked for "&$O29&" m³/h.",""),"") | Q29: =IF($A29>0,$H29,"")
A30: =IF(ROW()-19<=nHours,1,IF(nHours=0,0,IF(ROW()-19=nHours+1,2,0))) -> 0 | B30: =IF($A30=1,TEXT((Calc!$C12-60)/1440,"hh:mm")&" – "&TEXT(Calc!$C12/1440,"hh:mm"),IF($A30=2,"TOTAL","")) | C30: =IF($A30=1,_xlfn.LET(_xlpm.s,SUMIFS(Messages!$E:$E,Messages!$D:$D,C$19,Messages!$K:$K,">="&Calc!$B12,Messages!$K:$K,"<"&Calc!$C12),IF(_xlpm.s=0,"",_xlpm.s)),IF($A30=2,SUMIFS(Messages!$E:$E,Messages!$D:$D,C$19),IF($A30=3,IFERROR(TEXT(SUMIFS(Messages!$E:$E,Messages!$D:$D,C$19)/SUM(Messages!$E:$E),"0%"),""),""))) | D30: =IF($A30=1,_xlfn.LET(_xlpm.s,SUMIFS(Messages!$E:$E,Messages!$D:$D,D$19,Messages!$K:$K,">="&Calc!$B12,Messages!$K:$K,"<"&Calc!$C12),IF(_xlpm.s=0,"",_xlpm.s)),IF($A30=2,SUMIFS(Messages!$E:$E,Messages!$D:$D,D$19),IF($A30=3,IFERROR(TEXT(SUMIFS(Messages!$E:$E,Messages!$D:$D,D$19)/SUM(Messages!$E:$E),"0%"),""),""))) | E30: =IF($A30=1,_xlfn.LET(_xlpm.s,SUMIFS(Messages!$E:$E,Messages!$D:$D,E$19,Messages!$K:$K,">="&Calc!$B12,Messages!$K:$K,"<"&Calc!$C12),IF(_xlpm.s=0,"",_xlpm.s)),IF($A30=2,SUMIFS(Messages!$E:$E,Messages!$D:$D,E$19),IF($A30=3,IFERROR(TEXT(SUMIFS(Messages!$E:$E,Messages!$D:$D,E$19)/SUM(Messages!$E:$E),"0%"),""),""))) | F30: =IF($A30=1,_xlfn.LET(_xlpm.s,SUMIFS(Messages!$E:$E,Messages!$D:$D,F$19,Messages!$K:$K,">="&Calc!$B12,Messages!$K:$K,"<"&Calc!$C12),IF(_xlpm.s=0,"",_xlpm.s)),IF($A30=2,SUMIFS(Messages!$E:$E,Messages!$D:$D,F$19),IF($A30=3,IFERROR(TEXT(SUMIFS(Messages!$E:$E,Messages!$D:$D,F$19)/SUM(Messages!$E:$E),"0%"),""),""))) | G30: =IF($A30=1,_xlfn.LET(_xlpm.s,SUMIFS(Messages!$E:$E,Messages!$D:$D,G$19,Messages!$K:$K,">="&Calc!$B12,Messages!$K:$K,"<"&Calc!$C12),IF(_xlpm.s=0,"",_xlpm.s)),IF($A30=2,SUMIFS(Messages!$E:$E,Messages!$D:$D,G$19),IF($A30=3,IFERROR(TEXT(SUMIFS(Messages!$E:$E,Messages!$D:$D,G$19)/SUM(Messages!$E:$E),"0%"),""),""))) | H30: =IF($A30=1,COUNTIFS(Messages!$K:$K,">="&Calc!$B12,Messages!$K:$K,"<"&Calc!$C12),IF($A30=2,COUNT(Messages!$K:$K),"")) | I30: =IF($A30=1,SUMIFS(Messages!$E:$E,Messages!$K:$K,">="&Calc!$B12,Messages!$K:$K,"<"&Calc!$C12),IF($A30=2,SUM(Messages!$E:$E),"")) | J30: =IF(AND($A30=1,$O30<>""),IF($O30<>IF(ROW()=20,ReqInit,Calc!$K11),"Client asked for "&$O30&" m³/h.",""),"") | Q30: =IF($A30>0,$H30,"")
A31: =IF(ROW()-19<=nHours,1,IF(nHours=0,0,IF(ROW()-19=nHours+1,2,0))) -> 0 | B31: =IF($A31=1,TEXT((Calc!$C13-60)/1440,"hh:mm")&" – "&TEXT(Calc!$C13/1440,"hh:mm"),IF($A31=2,"TOTAL","")) | C31: =IF($A31=1,_xlfn.LET(_xlpm.s,SUMIFS(Messages!$E:$E,Messages!$D:$D,C$19,Messages!$K:$K,">="&Calc!$B13,Messages!$K:$K,"<"&Calc!$C13),IF(_xlpm.s=0,"",_xlpm.s)),IF($A31=2,SUMIFS(Messages!$E:$E,Messages!$D:$D,C$19),IF($A31=3,IFERROR(TEXT(SUMIFS(Messages!$E:$E,Messages!$D:$D,C$19)/SUM(Messages!$E:$E),"0%"),""),""))) | D31: =IF($A31=1,_xlfn.LET(_xlpm.s,SUMIFS(Messages!$E:$E,Messages!$D:$D,D$19,Messages!$K:$K,">="&Calc!$B13,Messages!$K:$K,"<"&Calc!$C13),IF(_xlpm.s=0,"",_xlpm.s)),IF($A31=2,SUMIFS(Messages!$E:$E,Messages!$D:$D,D$19),IF($A31=3,IFERROR(TEXT(SUMIFS(Messages!$E:$E,Messages!$D:$D,D$19)/SUM(Messages!$E:$E),"0%"),""),""))) | E31: =IF($A31=1,_xlfn.LET(_xlpm.s,SUMIFS(Messages!$E:$E,Messages!$D:$D,E$19,Messages!$K:$K,">="&Calc!$B13,Messages!$K:$K,"<"&Calc!$C13),IF(_xlpm.s=0,"",_xlpm.s)),IF($A31=2,SUMIFS(Messages!$E:$E,Messages!$D:$D,E$19),IF($A31=3,IFERROR(TEXT(SUMIFS(Messages!$E:$E,Messages!$D:$D,E$19)/SUM(Messages!$E:$E),"0%"),""),""))) | F31: =IF($A31=1,_xlfn.LET(_xlpm.s,SUMIFS(Messages!$E:$E,Messages!$D:$D,F$19,Messages!$K:$K,">="&Calc!$B13,Messages!$K:$K,"<"&Calc!$C13),IF(_xlpm.s=0,"",_xlpm.s)),IF($A31=2,SUMIFS(Messages!$E:$E,Messages!$D:$D,F$19),IF($A31=3,IFERROR(TEXT(SUMIFS(Messages!$E:$E,Messages!$D:$D,F$19)/SUM(Messages!$E:$E),"0%"),""),""))) | G31: =IF($A31=1,_xlfn.LET(_xlpm.s,SUMIFS(Messages!$E:$E,Messages!$D:$D,G$19,Messages!$K:$K,">="&Calc!$B13,Messages!$K:$K,"<"&Calc!$C13),IF(_xlpm.s=0,"",_xlpm.s)),IF($A31=2,SUMIFS(Messages!$E:$E,Messages!$D:$D,G$19),IF($A31=3,IFERROR(TEXT(SUMIFS(Messages!$E:$E,Messages!$D:$D,G$19)/SUM(Messages!$E:$E),"0%"),""),""))) | H31: =IF($A31=1,COUNTIFS(Messages!$K:$K,">="&Calc!$B13,Messages!$K:$K,"<"&Calc!$C13),IF($A31=2,COUNT(Messages!$K:$K),"")) | I31: =IF($A31=1,SUMIFS(Messages!$E:$E,Messages!$K:$K,">="&Calc!$B13,Messages!$K:$K,"<"&Calc!$C13),IF($A31=2,SUM(Messages!$E:$E),"")) | J31: =IF(AND($A31=1,$O31<>""),IF($O31<>IF(ROW()=20,ReqInit,Calc!$K12),"Client asked for "&$O31&" m³/h.",""),"") | Q31: =IF($A31>0,$H31,"")
... A69: =IF(ROW()-19<=nHours,1,IF(nHours=0,0,IF(ROW()-19=nHours+1,2,0))) -> 0 | B69: =IF($A69=1,TEXT((Calc!$C51-60)/1440,"hh:mm")&" – "&TEXT(Calc!$C51/1440,"hh:mm"),IF($A69=2,"TOTAL","")) | C69: =IF($A69=1,_xlfn.LET(_xlpm.s,SUMIFS(Messages!$E:$E,Messages!$D:$D,C$19,Messages!$K:$K,">="&Calc!$B51,Messages!$K:$K,"<"&Calc!$C51),IF(_xlpm.s=0,"",_xlpm.s)),IF($A69=2,SUMIFS(Messages!$E:$E,Messages!$D:$D,C$19),IF($A69=3,IFERROR(TEXT(SUMIFS(Messages!$E:$E,Messages!$D:$D,C$19)/SUM(Messages!$E:$E),"0%"),""),""))) | D69: =IF($A69=1,_xlfn.LET(_xlpm.s,SUMIFS(Messages!$E:$E,Messages!$D:$D,D$19,Messages!$K:$K,">="&Calc!$B51,Messages!$K:$K,"<"&Calc!$C51),IF(_xlpm.s=0,"",_xlpm.s)),IF($A69=2,SUMIFS(Messages!$E:$E,Messages!$D:$D,D$19),IF($A69=3,IFERROR(TEXT(SUMIFS(Messages!$E:$E,Messages!$D:$D,D$19)/SUM(Messages!$E:$E),"0%"),""),""))) | E69: =IF($A69=1,_xlfn.LET(_xlpm.s,SUMIFS(Messages!$E:$E,Messages!$D:$D,E$19,Messages!$K:$K,">="&Calc!$B51,Messages!$K:$K,"<"&Calc!$C51),IF(_xlpm.s=0,"",_xlpm.s)),IF($A69=2,SUMIFS(Messages!$E:$E,Messages!$D:$D,E$19),IF($A69=3,IFERROR(TEXT(SUMIFS(Messages!$E:$E,Messages!$D:$D,E$19)/SUM(Messages!$E:$E),"0%"),""),""))) | F69: =IF($A69=1,_xlfn.LET(_xlpm.s,SUMIFS(Messages!$E:$E,Messages!$D:$D,F$19,Messages!$K:$K,">="&Calc!$B51,Messages!$K:$K,"<"&Calc!$C51),IF(_xlpm.s=0,"",_xlpm.s)),IF($A69=2,SUMIFS(Messages!$E:$E,Messages!$D:$D,F$19),IF($A69=3,IFERROR(TEXT(SUMIFS(Messages!$E:$E,Messages!$D:$D,F$19)/SUM(Messages!$E:$E),"0%"),""),""))) | G69: =IF($A69=1,_xlfn.LET(_xlpm.s,SUMIFS(Messages!$E:$E,Messages!$D:$D,G$19,Messages!$K:$K,">="&Calc!$B51,Messages!$K:$K,"<"&Calc!$C51),IF(_xlpm.s=0,"",_xlpm.s)),IF($A69=2,SUMIFS(Messages!$E:$E,Messages!$D:$D,G$19),IF($A69=3,IFERROR(TEXT(SUMIFS(Messages!$E:$E,Messages!$D:$D,G$19)/SUM(Messages!$E:$E),"0%"),""),""))) | H69: =IF($A69=1,COUNTIFS(Messages!$K:$K,">="&Calc!$B51,Messages!$K:$K,"<"&Calc!$C51),IF($A69=2,COUNT(Messages!$K:$K),"")) | I69: =IF($A69=1,SUMIFS(Messages!$E:$E,Messages!$K:$K,">="&Calc!$B51,Messages!$K:$K,"<"&Calc!$C51),IF($A69=2,SUM(Messages!$E:$E),"")) | J69: =IF(AND($A69=1,$O69<>""),IF($O69<>IF(ROW()=20,ReqInit,Calc!$K50),"Client asked for "&$O69&" m³/h.",""),"") | Q69: =IF($A69>0,$H69,"")

Sheet Messages
A1: S/N | B1: MESSAGE (paste here) | C1: TIME | D1: PLANT | E1: QTY m³ | F1: REJECTED ✎ (x or m³) | G1: CHECK | H1: clean text | I1: raw time | J1: rej m³ | K1: minute | L1: serial | M1: dup
A2: =IF(OR(B2="",M2,G2="— ignored"),"",MAX(A$1:A1)+1) | C2: =IF(I2="","",ROUND((I2+0.5*MAX(0,CEILING(ROUND((MAX(C$1:C1)-1/48-I2)/0.5,6),1)))*1440,0)/1440) | D2: {=IF(H2="","",IFERROR(INDEX(Log!$C$19:$G$19,VALUE(MID(H2,FIND("#",H2)+1,1))),""))} | E2: {=IF(OR(H2="",M2),"",IFERROR(_xlfn.LET(_xlpm.t,SUBSTITUTE(UPPER(H2),"م","M"),_xlpm.u,SUBSTITUTE(_xlpm.t," ",""),_xlpm.s,_xlfn.SEQUENCE(LEN(_xlpm.u)),_xlpm.p,MIN(IF((MID(_xlpm.u,_xlpm.s,1)="M")*ISNUMBER(-MID(_xlpm.u,_xlpm.s-1,1)),_xlpm.s)),_xlpm.k,LEN(LEFT(_xlpm.u,_xlpm.p))-LEN(SUBSTITUTE(LEFT(_xlpm.u,_xlpm.p),"M","")),_xlpm.pos,FIND(CHAR(1),SUBSTITUTE(_xlpm.t,"M",CHAR(1),_xlpm.k)),_xlpm.b,TRIM(LEFT(_xlpm.t,_xlpm.pos-1)),_xlpm.tok,TRIM(RIGHT(SUBSTITUTE(_xlpm.b," ",REPT(" ",30)),30)),_xlpm.z,_xlfn.SEQUENCE(LEN(_xlpm.tok)),_xlpm.q,MAX(IF(ISNUMBER(FIND(MID(_xlpm.tok,_xlpm.z,1),"0123456789.")),0,_xlpm.z)),_xlpm.num,MID(_xlpm.tok,_xlpm.q+1,30),VALUE(IF(LEFT(_xlpm.num,1)=".",MID(_xlpm.num,2,30),_xlpm.num))),""))} | G2: =IF(B2="","",IF(M2,"⚠ Duplicate (not counted)",IF(AND(I2="",D2="",E2=""),"— ignored",IF(C2="","⚠ Time",IF(D2="","⚠ Plant",IF(E2="","⚠ Quantity",IF(AND(ISNUMBER(L2),COUNTIF(L$1:L1,L2)>0),"⚠ Same serial "&L2,IF(AND(ISNUMBER(L2),L2>MIN($L$2:$L$1001),COUNTIF($L$2:$L$1001,L2-1)=0,COUNTIF($L$2:$L$1001,L2-2)<2),"⚠ Missing serial "&(L2-1),IF(AND(MAX(K$1:K1)>0,N(K2)-MAX(K$1:K1)>180),"⚠ Gap > 3h",IF(C2-I2>=0.99,"next day",IF(C2-I2>0.4,"12h → 24h",""))))))))))) | H2: =IF(B2="","",_xlfn.LET(_xlpm.t,TRIM(B2),IF(LEFT(_xlpm.t,1)="[",IFERROR(TRIM(MID(_xlpm.t,FIND(": ",_xlpm.t,FIND("]",_xlpm.t))+2,500)),_xlpm.t),_xlpm.t))) | I2: =IF(H2="","",IFERROR(TIMEVALUE(TRIM(SUBSTITUTE(SUBSTITUTE(MID(H2,SEARCH(":",H2)-2,5),".",""),"*",""))),"")) | J2: =IF(OR(B2="",F2="",M2),0,IF(ISNUMBER(F2),F2,N(E2))) -> 0 | K2: =IF(OR(C2="",M2),"",ROUND(C2*1440,0)) | L2: =IF(OR(H2="",AND(I2="",D2="")),"",IFERROR(_xlfn.LET(_xlpm.t,TRIM(SUBSTITUTE(SUBSTITUTE(H2,"*",""),"_","")),VALUE(SUBSTITUTE(LEFT(_xlpm.t,FIND(" ",_xlpm.t&" ")-1),".",""))),"")) | M2: {=IF(H2="",FALSE,SUMPRODUCT(--(H$1:H1=H2))>0)} -> FALSE | O2: طريقة الاستخدام:
A3: =IF(OR(B3="",M3,G3="— ignored"),"",MAX(A$1:A2)+1) | C3: =IF(I3="","",ROUND((I3+0.5*MAX(0,CEILING(ROUND((MAX(C$1:C2)-1/48-I3)/0.5,6),1)))*1440,0)/1440) | D3: {=IF(H3="","",IFERROR(INDEX(Log!$C$19:$G$19,VALUE(MID(H3,FIND("#",H3)+1,1))),""))} | E3: {=IF(OR(H3="",M3),"",IFERROR(_xlfn.LET(_xlpm.t,SUBSTITUTE(UPPER(H3),"م","M"),_xlpm.u,SUBSTITUTE(_xlpm.t," ",""),_xlpm.s,_xlfn.SEQUENCE(LEN(_xlpm.u)),_xlpm.p,MIN(IF((MID(_xlpm.u,_xlpm.s,1)="M")*ISNUMBER(-MID(_xlpm.u,_xlpm.s-1,1)),_xlpm.s)),_xlpm.k,LEN(LEFT(_xlpm.u,_xlpm.p))-LEN(SUBSTITUTE(LEFT(_xlpm.u,_xlpm.p),"M","")),_xlpm.pos,FIND(CHAR(1),SUBSTITUTE(_xlpm.t,"M",CHAR(1),_xlpm.k)),_xlpm.b,TRIM(LEFT(_xlpm.t,_xlpm.pos-1)),_xlpm.tok,TRIM(RIGHT(SUBSTITUTE(_xlpm.b," ",REPT(" ",30)),30)),_xlpm.z,_xlfn.SEQUENCE(LEN(_xlpm.tok)),_xlpm.q,MAX(IF(ISNUMBER(FIND(MID(_xlpm.tok,_xlpm.z,1),"0123456789.")),0,_xlpm.z)),_xlpm.num,MID(_xlpm.tok,_xlpm.q+1,30),VALUE(IF(LEFT(_xlpm.num,1)=".",MID(_xlpm.num,2,30),_xlpm.num))),""))} | G3: =IF(B3="","",IF(M3,"⚠ Duplicate (not counted)",IF(AND(I3="",D3="",E3=""),"— ignored",IF(C3="","⚠ Time",IF(D3="","⚠ Plant",IF(E3="","⚠ Quantity",IF(AND(ISNUMBER(L3),COUNTIF(L$1:L2,L3)>0),"⚠ Same serial "&L3,IF(AND(ISNUMBER(L3),L3>MIN($L$2:$L$1001),COUNTIF($L$2:$L$1001,L3-1)=0,COUNTIF($L$2:$L$1001,L3-2)<2),"⚠ Missing serial "&(L3-1),IF(AND(MAX(K$1:K2)>0,N(K3)-MAX(K$1:K2)>180),"⚠ Gap > 3h",IF(C3-I3>=0.99,"next day",IF(C3-I3>0.4,"12h → 24h",""))))))))))) | H3: =IF(B3="","",_xlfn.LET(_xlpm.t,TRIM(B3),IF(LEFT(_xlpm.t,1)="[",IFERROR(TRIM(MID(_xlpm.t,FIND(": ",_xlpm.t,FIND("]",_xlpm.t))+2,500)),_xlpm.t),_xlpm.t))) | I3: =IF(H3="","",IFERROR(TIMEVALUE(TRIM(SUBSTITUTE(SUBSTITUTE(MID(H3,SEARCH(":",H3)-2,5),".",""),"*",""))),"")) | J3: =IF(OR(B3="",F3="",M3),0,IF(ISNUMBER(F3),F3,N(E3))) -> 0 | K3: =IF(OR(C3="",M3),"",ROUND(C3*1440,0)) | L3: =IF(OR(H3="",AND(I3="",D3="")),"",IFERROR(_xlfn.LET(_xlpm.t,TRIM(SUBSTITUTE(SUBSTITUTE(H3,"*",""),"_","")),VALUE(SUBSTITUTE(LEFT(_xlpm.t,FIND(" ",_xlpm.t&" ")-1),".",""))),"")) | M3: {=IF(H3="",FALSE,SUMPRODUCT(--(H$1:H2=H3))>0)} -> FALSE | O3: 1) انسخ الرسايل من جروب الواتساب (رسالة أو أكتر مرة واحدة) والزقها في عمود MESSAGE في أول خانة فاضية.
A4: =IF(OR(B4="",M4,G4="— ignored"),"",MAX(A$1:A3)+1) | C4: =IF(I4="","",ROUND((I4+0.5*MAX(0,CEILING(ROUND((MAX(C$1:C3)-1/48-I4)/0.5,6),1)))*1440,0)/1440) | D4: {=IF(H4="","",IFERROR(INDEX(Log!$C$19:$G$19,VALUE(MID(H4,FIND("#",H4)+1,1))),""))} | E4: {=IF(OR(H4="",M4),"",IFERROR(_xlfn.LET(_xlpm.t,SUBSTITUTE(UPPER(H4),"م","M"),_xlpm.u,SUBSTITUTE(_xlpm.t," ",""),_xlpm.s,_xlfn.SEQUENCE(LEN(_xlpm.u)),_xlpm.p,MIN(IF((MID(_xlpm.u,_xlpm.s,1)="M")*ISNUMBER(-MID(_xlpm.u,_xlpm.s-1,1)),_xlpm.s)),_xlpm.k,LEN(LEFT(_xlpm.u,_xlpm.p))-LEN(SUBSTITUTE(LEFT(_xlpm.u,_xlpm.p),"M","")),_xlpm.pos,FIND(CHAR(1),SUBSTITUTE(_xlpm.t,"M",CHAR(1),_xlpm.k)),_xlpm.b,TRIM(LEFT(_xlpm.t,_xlpm.pos-1)),_xlpm.tok,TRIM(RIGHT(SUBSTITUTE(_xlpm.b," ",REPT(" ",30)),30)),_xlpm.z,_xlfn.SEQUENCE(LEN(_xlpm.tok)),_xlpm.q,MAX(IF(ISNUMBER(FIND(MID(_xlpm.tok,_xlpm.z,1),"0123456789.")),0,_xlpm.z)),_xlpm.num,MID(_xlpm.tok,_xlpm.q+1,30),VALUE(IF(LEFT(_xlpm.num,1)=".",MID(_xlpm.num,2,30),_xlpm.num))),""))} | G4: =IF(B4="","",IF(M4,"⚠ Duplicate (not counted)",IF(AND(I4="",D4="",E4=""),"— ignored",IF(C4="","⚠ Time",IF(D4="","⚠ Plant",IF(E4="","⚠ Quantity",IF(AND(ISNUMBER(L4),COUNTIF(L$1:L3,L4)>0),"⚠ Same serial "&L4,IF(AND(ISNUMBER(L4),L4>MIN($L$2:$L$1001),COUNTIF($L$2:$L$1001,L4-1)=0,COUNTIF($L$2:$L$1001,L4-2)<2),"⚠ Missing serial "&(L4-1),IF(AND(MAX(K$1:K3)>0,N(K4)-MAX(K$1:K3)>180),"⚠ Gap > 3h",IF(C4-I4>=0.99,"next day",IF(C4-I4>0.4,"12h → 24h",""))))))))))) | H4: =IF(B4="","",_xlfn.LET(_xlpm.t,TRIM(B4),IF(LEFT(_xlpm.t,1)="[",IFERROR(TRIM(MID(_xlpm.t,FIND(": ",_xlpm.t,FIND("]",_xlpm.t))+2,500)),_xlpm.t),_xlpm.t))) | I4: =IF(H4="","",IFERROR(TIMEVALUE(TRIM(SUBSTITUTE(SUBSTITUTE(MID(H4,SEARCH(":",H4)-2,5),".",""),"*",""))),"")) | J4: =IF(OR(B4="",F4="",M4),0,IF(ISNUMBER(F4),F4,N(E4))) -> 0 | K4: =IF(OR(C4="",M4),"",ROUND(C4*1440,0)) | L4: =IF(OR(H4="",AND(I4="",D4="")),"",IFERROR(_xlfn.LET(_xlpm.t,TRIM(SUBSTITUTE(SUBSTITUTE(H4,"*",""),"_","")),VALUE(SUBSTITUTE(LEFT(_xlpm.t,FIND(" ",_xlpm.t&" ")-1),".",""))),"")) | M4: {=IF(H4="",FALSE,SUMPRODUCT(--(H$1:H3=H4))>0)} -> FALSE | O4: 2) الوقت والمحطة والكمية بيتقروا لوحدهم. لو فيه ⚠ في عمود CHECK صلّح نص الرسالة نفسها.
A5: =IF(OR(B5="",M5,G5="— ignored"),"",MAX(A$1:A4)+1) | C5: =IF(I5="","",ROUND((I5+0.5*MAX(0,CEILING(ROUND((MAX(C$1:C4)-1/48-I5)/0.5,6),1)))*1440,0)/1440) | D5: {=IF(H5="","",IFERROR(INDEX(Log!$C$19:$G$19,VALUE(MID(H5,FIND("#",H5)+1,1))),""))} | E5: {=IF(OR(H5="",M5),"",IFERROR(_xlfn.LET(_xlpm.t,SUBSTITUTE(UPPER(H5),"م","M"),_xlpm.u,SUBSTITUTE(_xlpm.t," ",""),_xlpm.s,_xlfn.SEQUENCE(LEN(_xlpm.u)),_xlpm.p,MIN(IF((MID(_xlpm.u,_xlpm.s,1)="M")*ISNUMBER(-MID(_xlpm.u,_xlpm.s-1,1)),_xlpm.s)),_xlpm.k,LEN(LEFT(_xlpm.u,_xlpm.p))-LEN(SUBSTITUTE(LEFT(_xlpm.u,_xlpm.p),"M","")),_xlpm.pos,FIND(CHAR(1),SUBSTITUTE(_xlpm.t,"M",CHAR(1),_xlpm.k)),_xlpm.b,TRIM(LEFT(_xlpm.t,_xlpm.pos-1)),_xlpm.tok,TRIM(RIGHT(SUBSTITUTE(_xlpm.b," ",REPT(" ",30)),30)),_xlpm.z,_xlfn.SEQUENCE(LEN(_xlpm.tok)),_xlpm.q,MAX(IF(ISNUMBER(FIND(MID(_xlpm.tok,_xlpm.z,1),"0123456789.")),0,_xlpm.z)),_xlpm.num,MID(_xlpm.tok,_xlpm.q+1,30),VALUE(IF(LEFT(_xlpm.num,1)=".",MID(_xlpm.num,2,30),_xlpm.num))),""))} | G5: =IF(B5="","",IF(M5,"⚠ Duplicate (not counted)",IF(AND(I5="",D5="",E5=""),"— ignored",IF(C5="","⚠ Time",IF(D5="","⚠ Plant",IF(E5="","⚠ Quantity",IF(AND(ISNUMBER(L5),COUNTIF(L$1:L4,L5)>0),"⚠ Same serial "&L5,IF(AND(ISNUMBER(L5),L5>MIN($L$2:$L$1001),COUNTIF($L$2:$L$1001,L5-1)=0,COUNTIF($L$2:$L$1001,L5-2)<2),"⚠ Missing serial "&(L5-1),IF(AND(MAX(K$1:K4)>0,N(K5)-MAX(K$1:K4)>180),"⚠ Gap > 3h",IF(C5-I5>=0.99,"next day",IF(C5-I5>0.4,"12h → 24h",""))))))))))) | H5: =IF(B5="","",_xlfn.LET(_xlpm.t,TRIM(B5),IF(LEFT(_xlpm.t,1)="[",IFERROR(TRIM(MID(_xlpm.t,FIND(": ",_xlpm.t,FIND("]",_xlpm.t))+2,500)),_xlpm.t),_xlpm.t))) | I5: =IF(H5="","",IFERROR(TIMEVALUE(TRIM(SUBSTITUTE(SUBSTITUTE(MID(H5,SEARCH(":",H5)-2,5),".",""),"*",""))),"")) | J5: =IF(OR(B5="",F5="",M5),0,IF(ISNUMBER(F5),F5,N(E5))) -> 0 | K5: =IF(OR(C5="",M5),"",ROUND(C5*1440,0)) | L5: =IF(OR(H5="",AND(I5="",D5="")),"",IFERROR(_xlfn.LET(_xlpm.t,TRIM(SUBSTITUTE(SUBSTITUTE(H5,"*",""),"_","")),VALUE(SUBSTITUTE(LEFT(_xlpm.t,FIND(" ",_xlpm.t&" ")-1),".",""))),"")) | M5: {=IF(H5="",FALSE,SUMPRODUCT(--(H$1:H4=H5))>0)} -> FALSE | O5: 3) لو لزقت رسالة مرتين بتتعلّم Duplicate ومبتتحسبش.
A6: =IF(OR(B6="",M6,G6="— ignored"),"",MAX(A$1:A5)+1) | C6: =IF(I6="","",ROUND((I6+0.5*MAX(0,CEILING(ROUND((MAX(C$1:C5)-1/48-I6)/0.5,6),1)))*1440,0)/1440) | D6: {=IF(H6="","",IFERROR(INDEX(Log!$C$19:$G$19,VALUE(MID(H6,FIND("#",H6)+1,1))),""))} | E6: {=IF(OR(H6="",M6),"",IFERROR(_xlfn.LET(_xlpm.t,SUBSTITUTE(UPPER(H6),"م","M"),_xlpm.u,SUBSTITUTE(_xlpm.t," ",""),_xlpm.s,_xlfn.SEQUENCE(LEN(_xlpm.u)),_xlpm.p,MIN(IF((MID(_xlpm.u,_xlpm.s,1)="M")*ISNUMBER(-MID(_xlpm.u,_xlpm.s-1,1)),_xlpm.s)),_xlpm.k,LEN(LEFT(_xlpm.u,_xlpm.p))-LEN(SUBSTITUTE(LEFT(_xlpm.u,_xlpm.p),"M","")),_xlpm.pos,FIND(CHAR(1),SUBSTITUTE(_xlpm.t,"M",CHAR(1),_xlpm.k)),_xlpm.b,TRIM(LEFT(_xlpm.t,_xlpm.pos-1)),_xlpm.tok,TRIM(RIGHT(SUBSTITUTE(_xlpm.b," ",REPT(" ",30)),30)),_xlpm.z,_xlfn.SEQUENCE(LEN(_xlpm.tok)),_xlpm.q,MAX(IF(ISNUMBER(FIND(MID(_xlpm.tok,_xlpm.z,1),"0123456789.")),0,_xlpm.z)),_xlpm.num,MID(_xlpm.tok,_xlpm.q+1,30),VALUE(IF(LEFT(_xlpm.num,1)=".",MID(_xlpm.num,2,30),_xlpm.num))),""))} | G6: =IF(B6="","",IF(M6,"⚠ Duplicate (not counted)",IF(AND(I6="",D6="",E6=""),"— ignored",IF(C6="","⚠ Time",IF(D6="","⚠ Plant",IF(E6="","⚠ Quantity",IF(AND(ISNUMBER(L6),COUNTIF(L$1:L5,L6)>0),"⚠ Same serial "&L6,IF(AND(ISNUMBER(L6),L6>MIN($L$2:$L$1001),COUNTIF($L$2:$L$1001,L6-1)=0,COUNTIF($L$2:$L$1001,L6-2)<2),"⚠ Missing serial "&(L6-1),IF(AND(MAX(K$1:K5)>0,N(K6)-MAX(K$1:K5)>180),"⚠ Gap > 3h",IF(C6-I6>=0.99,"next day",IF(C6-I6>0.4,"12h → 24h",""))))))))))) | H6: =IF(B6="","",_xlfn.LET(_xlpm.t,TRIM(B6),IF(LEFT(_xlpm.t,1)="[",IFERROR(TRIM(MID(_xlpm.t,FIND(": ",_xlpm.t,FIND("]",_xlpm.t))+2,500)),_xlpm.t),_xlpm.t))) | I6: =IF(H6="","",IFERROR(TIMEVALUE(TRIM(SUBSTITUTE(SUBSTITUTE(MID(H6,SEARCH(":",H6)-2,5),".",""),"*",""))),"")) | J6: =IF(OR(B6="",F6="",M6),0,IF(ISNUMBER(F6),F6,N(E6))) -> 0 | K6: =IF(OR(C6="",M6),"",ROUND(C6*1440,0)) | L6: =IF(OR(H6="",AND(I6="",D6="")),"",IFERROR(_xlfn.LET(_xlpm.t,TRIM(SUBSTITUTE(SUBSTITUTE(H6,"*",""),"_","")),VALUE(SUBSTITUTE(LEFT(_xlpm.t,FIND(" ",_xlpm.t&" ")-1),".",""))),"")) | M6: {=IF(H6="",FALSE,SUMPRODUCT(--(H$1:H5=H6))>0)} -> FALSE | O6: 4) العربية المرفوضة: اكتب x في عمود REJECTED (أو عدد الأمتار لو جزء منها).
A7: =IF(OR(B7="",M7,G7="— ignored"),"",MAX(A$1:A6)+1) | C7: =IF(I7="","",ROUND((I7+0.5*MAX(0,CEILING(ROUND((MAX(C$1:C6)-1/48-I7)/0.5,6),1)))*1440,0)/1440) | D7: {=IF(H7="","",IFERROR(INDEX(Log!$C$19:$G$19,VALUE(MID(H7,FIND("#",H7)+1,1))),""))} | E7: {=IF(OR(H7="",M7),"",IFERROR(_xlfn.LET(_xlpm.t,SUBSTITUTE(UPPER(H7),"م","M"),_xlpm.u,SUBSTITUTE(_xlpm.t," ",""),_xlpm.s,_xlfn.SEQUENCE(LEN(_xlpm.u)),_xlpm.p,MIN(IF((MID(_xlpm.u,_xlpm.s,1)="M")*ISNUMBER(-MID(_xlpm.u,_xlpm.s-1,1)),_xlpm.s)),_xlpm.k,LEN(LEFT(_xlpm.u,_xlpm.p))-LEN(SUBSTITUTE(LEFT(_xlpm.u,_xlpm.p),"M","")),_xlpm.pos,FIND(CHAR(1),SUBSTITUTE(_xlpm.t,"M",CHAR(1),_xlpm.k)),_xlpm.b,TRIM(LEFT(_xlpm.t,_xlpm.pos-1)),_xlpm.tok,TRIM(RIGHT(SUBSTITUTE(_xlpm.b," ",REPT(" ",30)),30)),_xlpm.z,_xlfn.SEQUENCE(LEN(_xlpm.tok)),_xlpm.q,MAX(IF(ISNUMBER(FIND(MID(_xlpm.tok,_xlpm.z,1),"0123456789.")),0,_xlpm.z)),_xlpm.num,MID(_xlpm.tok,_xlpm.q+1,30),VALUE(IF(LEFT(_xlpm.num,1)=".",MID(_xlpm.num,2,30),_xlpm.num))),""))} | G7: =IF(B7="","",IF(M7,"⚠ Duplicate (not counted)",IF(AND(I7="",D7="",E7=""),"— ignored",IF(C7="","⚠ Time",IF(D7="","⚠ Plant",IF(E7="","⚠ Quantity",IF(AND(ISNUMBER(L7),COUNTIF(L$1:L6,L7)>0),"⚠ Same serial "&L7,IF(AND(ISNUMBER(L7),L7>MIN($L$2:$L$1001),COUNTIF($L$2:$L$1001,L7-1)=0,COUNTIF($L$2:$L$1001,L7-2)<2),"⚠ Missing serial "&(L7-1),IF(AND(MAX(K$1:K6)>0,N(K7)-MAX(K$1:K6)>180),"⚠ Gap > 3h",IF(C7-I7>=0.99,"next day",IF(C7-I7>0.4,"12h → 24h",""))))))))))) | H7: =IF(B7="","",_xlfn.LET(_xlpm.t,TRIM(B7),IF(LEFT(_xlpm.t,1)="[",IFERROR(TRIM(MID(_xlpm.t,FIND(": ",_xlpm.t,FIND("]",_xlpm.t))+2,500)),_xlpm.t),_xlpm.t))) | I7: =IF(H7="","",IFERROR(TIMEVALUE(TRIM(SUBSTITUTE(SUBSTITUTE(MID(H7,SEARCH(":",H7)-2,5),".",""),"*",""))),"")) | J7: =IF(OR(B7="",F7="",M7),0,IF(ISNUMBER(F7),F7,N(E7))) -> 0 | K7: =IF(OR(C7="",M7),"",ROUND(C7*1440,0)) | L7: =IF(OR(H7="",AND(I7="",D7="")),"",IFERROR(_xlfn.LET(_xlpm.t,TRIM(SUBSTITUTE(SUBSTITUTE(H7,"*",""),"_","")),VALUE(SUBSTITUTE(LEFT(_xlpm.t,FIND(" ",_xlpm.t&" ")-1),".",""))),"")) | M7: {=IF(H7="",FALSE,SUMPRODUCT(--(H$1:H6=H7))>0)} -> FALSE
A8: =IF(OR(B8="",M8,G8="— ignored"),"",MAX(A$1:A7)+1) | C8: =IF(I8="","",ROUND((I8+0.5*MAX(0,CEILING(ROUND((MAX(C$1:C7)-1/48-I8)/0.5,6),1)))*1440,0)/1440) | D8: {=IF(H8="","",IFERROR(INDEX(Log!$C$19:$G$19,VALUE(MID(H8,FIND("#",H8)+1,1))),""))} | E8: {=IF(OR(H8="",M8),"",IFERROR(_xlfn.LET(_xlpm.t,SUBSTITUTE(UPPER(H8),"م","M"),_xlpm.u,SUBSTITUTE(_xlpm.t," ",""),_xlpm.s,_xlfn.SEQUENCE(LEN(_xlpm.u)),_xlpm.p,MIN(IF((MID(_xlpm.u,_xlpm.s,1)="M")*ISNUMBER(-MID(_xlpm.u,_xlpm.s-1,1)),_xlpm.s)),_xlpm.k,LEN(LEFT(_xlpm.u,_xlpm.p))-LEN(SUBSTITUTE(LEFT(_xlpm.u,_xlpm.p),"M","")),_xlpm.pos,FIND(CHAR(1),SUBSTITUTE(_xlpm.t,"M",CHAR(1),_xlpm.k)),_xlpm.b,TRIM(LEFT(_xlpm.t,_xlpm.pos-1)),_xlpm.tok,TRIM(RIGHT(SUBSTITUTE(_xlpm.b," ",REPT(" ",30)),30)),_xlpm.z,_xlfn.SEQUENCE(LEN(_xlpm.tok)),_xlpm.q,MAX(IF(ISNUMBER(FIND(MID(_xlpm.tok,_xlpm.z,1),"0123456789.")),0,_xlpm.z)),_xlpm.num,MID(_xlpm.tok,_xlpm.q+1,30),VALUE(IF(LEFT(_xlpm.num,1)=".",MID(_xlpm.num,2,30),_xlpm.num))),""))} | G8: =IF(B8="","",IF(M8,"⚠ Duplicate (not counted)",IF(AND(I8="",D8="",E8=""),"— ignored",IF(C8="","⚠ Time",IF(D8="","⚠ Plant",IF(E8="","⚠ Quantity",IF(AND(ISNUMBER(L8),COUNTIF(L$1:L7,L8)>0),"⚠ Same serial "&L8,IF(AND(ISNUMBER(L8),L8>MIN($L$2:$L$1001),COUNTIF($L$2:$L$1001,L8-1)=0,COUNTIF($L$2:$L$1001,L8-2)<2),"⚠ Missing serial "&(L8-1),IF(AND(MAX(K$1:K7)>0,N(K8)-MAX(K$1:K7)>180),"⚠ Gap > 3h",IF(C8-I8>=0.99,"next day",IF(C8-I8>0.4,"12h → 24h",""))))))))))) | H8: =IF(B8="","",_xlfn.LET(_xlpm.t,TRIM(B8),IF(LEFT(_xlpm.t,1)="[",IFERROR(TRIM(MID(_xlpm.t,FIND(": ",_xlpm.t,FIND("]",_xlpm.t))+2,500)),_xlpm.t),_xlpm.t))) | I8: =IF(H8="","",IFERROR(TIMEVALUE(TRIM(SUBSTITUTE(SUBSTITUTE(MID(H8,SEARCH(":",H8)-2,5),".",""),"*",""))),"")) | J8: =IF(OR(B8="",F8="",M8),0,IF(ISNUMBER(F8),F8,N(E8))) -> 0 | K8: =IF(OR(C8="",M8),"",ROUND(C8*1440,0)) | L8: =IF(OR(H8="",AND(I8="",D8="")),"",IFERROR(_xlfn.LET(_xlpm.t,TRIM(SUBSTITUTE(SUBSTITUTE(H8,"*",""),"_","")),VALUE(SUBSTITUTE(LEFT(_xlpm.t,FIND(" ",_xlpm.t&" ")-1),".",""))),"")) | M8: {=IF(H8="",FALSE,SUMPRODUCT(--(H$1:H7=H8))>0)} -> FALSE
A9: =IF(OR(B9="",M9,G9="— ignored"),"",MAX(A$1:A8)+1) | C9: =IF(I9="","",ROUND((I9+0.5*MAX(0,CEILING(ROUND((MAX(C$1:C8)-1/48-I9)/0.5,6),1)))*1440,0)/1440) | D9: {=IF(H9="","",IFERROR(INDEX(Log!$C$19:$G$19,VALUE(MID(H9,FIND("#",H9)+1,1))),""))} | E9: {=IF(OR(H9="",M9),"",IFERROR(_xlfn.LET(_xlpm.t,SUBSTITUTE(UPPER(H9),"م","M"),_xlpm.u,SUBSTITUTE(_xlpm.t," ",""),_xlpm.s,_xlfn.SEQUENCE(LEN(_xlpm.u)),_xlpm.p,MIN(IF((MID(_xlpm.u,_xlpm.s,1)="M")*ISNUMBER(-MID(_xlpm.u,_xlpm.s-1,1)),_xlpm.s)),_xlpm.k,LEN(LEFT(_xlpm.u,_xlpm.p))-LEN(SUBSTITUTE(LEFT(_xlpm.u,_xlpm.p),"M","")),_xlpm.pos,FIND(CHAR(1),SUBSTITUTE(_xlpm.t,"M",CHAR(1),_xlpm.k)),_xlpm.b,TRIM(LEFT(_xlpm.t,_xlpm.pos-1)),_xlpm.tok,TRIM(RIGHT(SUBSTITUTE(_xlpm.b," ",REPT(" ",30)),30)),_xlpm.z,_xlfn.SEQUENCE(LEN(_xlpm.tok)),_xlpm.q,MAX(IF(ISNUMBER(FIND(MID(_xlpm.tok,_xlpm.z,1),"0123456789.")),0,_xlpm.z)),_xlpm.num,MID(_xlpm.tok,_xlpm.q+1,30),VALUE(IF(LEFT(_xlpm.num,1)=".",MID(_xlpm.num,2,30),_xlpm.num))),""))} | G9: =IF(B9="","",IF(M9,"⚠ Duplicate (not counted)",IF(AND(I9="",D9="",E9=""),"— ignored",IF(C9="","⚠ Time",IF(D9="","⚠ Plant",IF(E9="","⚠ Quantity",IF(AND(ISNUMBER(L9),COUNTIF(L$1:L8,L9)>0),"⚠ Same serial "&L9,IF(AND(ISNUMBER(L9),L9>MIN($L$2:$L$1001),COUNTIF($L$2:$L$1001,L9-1)=0,COUNTIF($L$2:$L$1001,L9-2)<2),"⚠ Missing serial "&(L9-1),IF(AND(MAX(K$1:K8)>0,N(K9)-MAX(K$1:K8)>180),"⚠ Gap > 3h",IF(C9-I9>=0.99,"next day",IF(C9-I9>0.4,"12h → 24h",""))))))))))) | H9: =IF(B9="","",_xlfn.LET(_xlpm.t,TRIM(B9),IF(LEFT(_xlpm.t,1)="[",IFERROR(TRIM(MID(_xlpm.t,FIND(": ",_xlpm.t,FIND("]",_xlpm.t))+2,500)),_xlpm.t),_xlpm.t))) | I9: =IF(H9="","",IFERROR(TIMEVALUE(TRIM(SUBSTITUTE(SUBSTITUTE(MID(H9,SEARCH(":",H9)-2,5),".",""),"*",""))),"")) | J9: =IF(OR(B9="",F9="",M9),0,IF(ISNUMBER(F9),F9,N(E9))) -> 0 | K9: =IF(OR(C9="",M9),"",ROUND(C9*1440,0)) | L9: =IF(OR(H9="",AND(I9="",D9="")),"",IFERROR(_xlfn.LET(_xlpm.t,TRIM(SUBSTITUTE(SUBSTITUTE(H9,"*",""),"_","")),VALUE(SUBSTITUTE(LEFT(_xlpm.t,FIND(" ",_xlpm.t&" ")-1),".",""))),"")) | M9: {=IF(H9="",FALSE,SUMPRODUCT(--(H$1:H8=H9))>0)} -> FALSE
A10: =IF(OR(B10="",M10,G10="— ignored"),"",MAX(A$1:A9)+1) | C10: =IF(I10="","",ROUND((I10+0.5*MAX(0,CEILING(ROUND((MAX(C$1:C9)-1/48-I10)/0.5,6),1)))*1440,0)/1440) | D10: {=IF(H10="","",IFERROR(INDEX(Log!$C$19:$G$19,VALUE(MID(H10,FIND("#",H10)+1,1))),""))} | E10: {=IF(OR(H10="",M10),"",IFERROR(_xlfn.LET(_xlpm.t,SUBSTITUTE(UPPER(H10),"م","M"),_xlpm.u,SUBSTITUTE(_xlpm.t," ",""),_xlpm.s,_xlfn.SEQUENCE(LEN(_xlpm.u)),_xlpm.p,MIN(IF((MID(_xlpm.u,_xlpm.s,1)="M")*ISNUMBER(-MID(_xlpm.u,_xlpm.s-1,1)),_xlpm.s)),_xlpm.k,LEN(LEFT(_xlpm.u,_xlpm.p))-LEN(SUBSTITUTE(LEFT(_xlpm.u,_xlpm.p),"M","")),_xlpm.pos,FIND(CHAR(1),SUBSTITUTE(_xlpm.t,"M",CHAR(1),_xlpm.k)),_xlpm.b,TRIM(LEFT(_xlpm.t,_xlpm.pos-1)),_xlpm.tok,TRIM(RIGHT(SUBSTITUTE(_xlpm.b," ",REPT(" ",30)),30)),_xlpm.z,_xlfn.SEQUENCE(LEN(_xlpm.tok)),_xlpm.q,MAX(IF(ISNUMBER(FIND(MID(_xlpm.tok,_xlpm.z,1),"0123456789.")),0,_xlpm.z)),_xlpm.num,MID(_xlpm.tok,_xlpm.q+1,30),VALUE(IF(LEFT(_xlpm.num,1)=".",MID(_xlpm.num,2,30),_xlpm.num))),""))} | G10: =IF(B10="","",IF(M10,"⚠ Duplicate (not counted)",IF(AND(I10="",D10="",E10=""),"— ignored",IF(C10="","⚠ Time",IF(D10="","⚠ Plant",IF(E10="","⚠ Quantity",IF(AND(ISNUMBER(L10),COUNTIF(L$1:L9,L10)>0),"⚠ Same serial "&L10,IF(AND(ISNUMBER(L10),L10>MIN($L$2:$L$1001),COUNTIF($L$2:$L$1001,L10-1)=0,COUNTIF($L$2:$L$1001,L10-2)<2),"⚠ Missing serial "&(L10-1),IF(AND(MAX(K$1:K9)>0,N(K10)-MAX(K$1:K9)>180),"⚠ Gap > 3h",IF(C10-I10>=0.99,"next day",IF(C10-I10>0.4,"12h → 24h",""))))))))))) | H10: =IF(B10="","",_xlfn.LET(_xlpm.t,TRIM(B10),IF(LEFT(_xlpm.t,1)="[",IFERROR(TRIM(MID(_xlpm.t,FIND(": ",_xlpm.t,FIND("]",_xlpm.t))+2,500)),_xlpm.t),_xlpm.t))) | I10: =IF(H10="","",IFERROR(TIMEVALUE(TRIM(SUBSTITUTE(SUBSTITUTE(MID(H10,SEARCH(":",H10)-2,5),".",""),"*",""))),"")) | J10: =IF(OR(B10="",F10="",M10),0,IF(ISNUMBER(F10),F10,N(E10))) -> 0 | K10: =IF(OR(C10="",M10),"",ROUND(C10*1440,0)) | L10: =IF(OR(H10="",AND(I10="",D10="")),"",IFERROR(_xlfn.LET(_xlpm.t,TRIM(SUBSTITUTE(SUBSTITUTE(H10,"*",""),"_","")),VALUE(SUBSTITUTE(LEFT(_xlpm.t,FIND(" ",_xlpm.t&" ")-1),".",""))),"")) | M10: {=IF(H10="",FALSE,SUMPRODUCT(--(H$1:H9=H10))>0)} -> FALSE
A11: =IF(OR(B11="",M11,G11="— ignored"),"",MAX(A$1:A10)+1) | C11: =IF(I11="","",ROUND((I11+0.5*MAX(0,CEILING(ROUND((MAX(C$1:C10)-1/48-I11)/0.5,6),1)))*1440,0)/1440) | D11: {=IF(H11="","",IFERROR(INDEX(Log!$C$19:$G$19,VALUE(MID(H11,FIND("#",H11)+1,1))),""))} | E11: {=IF(OR(H11="",M11),"",IFERROR(_xlfn.LET(_xlpm.t,SUBSTITUTE(UPPER(H11),"م","M"),_xlpm.u,SUBSTITUTE(_xlpm.t," ",""),_xlpm.s,_xlfn.SEQUENCE(LEN(_xlpm.u)),_xlpm.p,MIN(IF((MID(_xlpm.u,_xlpm.s,1)="M")*ISNUMBER(-MID(_xlpm.u,_xlpm.s-1,1)),_xlpm.s)),_xlpm.k,LEN(LEFT(_xlpm.u,_xlpm.p))-LEN(SUBSTITUTE(LEFT(_xlpm.u,_xlpm.p),"M","")),_xlpm.pos,FIND(CHAR(1),SUBSTITUTE(_xlpm.t,"M",CHAR(1),_xlpm.k)),_xlpm.b,TRIM(LEFT(_xlpm.t,_xlpm.pos-1)),_xlpm.tok,TRIM(RIGHT(SUBSTITUTE(_xlpm.b," ",REPT(" ",30)),30)),_xlpm.z,_xlfn.SEQUENCE(LEN(_xlpm.tok)),_xlpm.q,MAX(IF(ISNUMBER(FIND(MID(_xlpm.tok,_xlpm.z,1),"0123456789.")),0,_xlpm.z)),_xlpm.num,MID(_xlpm.tok,_xlpm.q+1,30),VALUE(IF(LEFT(_xlpm.num,1)=".",MID(_xlpm.num,2,30),_xlpm.num))),""))} | G11: =IF(B11="","",IF(M11,"⚠ Duplicate (not counted)",IF(AND(I11="",D11="",E11=""),"— ignored",IF(C11="","⚠ Time",IF(D11="","⚠ Plant",IF(E11="","⚠ Quantity",IF(AND(ISNUMBER(L11),COUNTIF(L$1:L10,L11)>0),"⚠ Same serial "&L11,IF(AND(ISNUMBER(L11),L11>MIN($L$2:$L$1001),COUNTIF($L$2:$L$1001,L11-1)=0,COUNTIF($L$2:$L$1001,L11-2)<2),"⚠ Missing serial "&(L11-1),IF(AND(MAX(K$1:K10)>0,N(K11)-MAX(K$1:K10)>180),"⚠ Gap > 3h",IF(C11-I11>=0.99,"next day",IF(C11-I11>0.4,"12h → 24h",""))))))))))) | H11: =IF(B11="","",_xlfn.LET(_xlpm.t,TRIM(B11),IF(LEFT(_xlpm.t,1)="[",IFERROR(TRIM(MID(_xlpm.t,FIND(": ",_xlpm.t,FIND("]",_xlpm.t))+2,500)),_xlpm.t),_xlpm.t))) | I11: =IF(H11="","",IFERROR(TIMEVALUE(TRIM(SUBSTITUTE(SUBSTITUTE(MID(H11,SEARCH(":",H11)-2,5),".",""),"*",""))),"")) | J11: =IF(OR(B11="",F11="",M11),0,IF(ISNUMBER(F11),F11,N(E11))) -> 0 | K11: =IF(OR(C11="",M11),"",ROUND(C11*1440,0)) | L11: =IF(OR(H11="",AND(I11="",D11="")),"",IFERROR(_xlfn.LET(_xlpm.t,TRIM(SUBSTITUTE(SUBSTITUTE(H11,"*",""),"_","")),VALUE(SUBSTITUTE(LEFT(_xlpm.t,FIND(" ",_xlpm.t&" ")-1),".",""))),"")) | M11: {=IF(H11="",FALSE,SUMPRODUCT(--(H$1:H10=H11))>0)} -> FALSE
A12: =IF(OR(B12="",M12,G12="— ignored"),"",MAX(A$1:A11)+1) | C12: =IF(I12="","",ROUND((I12+0.5*MAX(0,CEILING(ROUND((MAX(C$1:C11)-1/48-I12)/0.5,6),1)))*1440,0)/1440) | D12: {=IF(H12="","",IFERROR(INDEX(Log!$C$19:$G$19,VALUE(MID(H12,FIND("#",H12)+1,1))),""))} | E12: {=IF(OR(H12="",M12),"",IFERROR(_xlfn.LET(_xlpm.t,SUBSTITUTE(UPPER(H12),"م","M"),_xlpm.u,SUBSTITUTE(_xlpm.t," ",""),_xlpm.s,_xlfn.SEQUENCE(LEN(_xlpm.u)),_xlpm.p,MIN(IF((MID(_xlpm.u,_xlpm.s,1)="M")*ISNUMBER(-MID(_xlpm.u,_xlpm.s-1,1)),_xlpm.s)),_xlpm.k,LEN(LEFT(_xlpm.u,_xlpm.p))-LEN(SUBSTITUTE(LEFT(_xlpm.u,_xlpm.p),"M","")),_xlpm.pos,FIND(CHAR(1),SUBSTITUTE(_xlpm.t,"M",CHAR(1),_xlpm.k)),_xlpm.b,TRIM(LEFT(_xlpm.t,_xlpm.pos-1)),_xlpm.tok,TRIM(RIGHT(SUBSTITUTE(_xlpm.b," ",REPT(" ",30)),30)),_xlpm.z,_xlfn.SEQUENCE(LEN(_xlpm.tok)),_xlpm.q,MAX(IF(ISNUMBER(FIND(MID(_xlpm.tok,_xlpm.z,1),"0123456789.")),0,_xlpm.z)),_xlpm.num,MID(_xlpm.tok,_xlpm.q+1,30),VALUE(IF(LEFT(_xlpm.num,1)=".",MID(_xlpm.num,2,30),_xlpm.num))),""))} | G12: =IF(B12="","",IF(M12,"⚠ Duplicate (not counted)",IF(AND(I12="",D12="",E12=""),"— ignored",IF(C12="","⚠ Time",IF(D12="","⚠ Plant",IF(E12="","⚠ Quantity",IF(AND(ISNUMBER(L12),COUNTIF(L$1:L11,L12)>0),"⚠ Same serial "&L12,IF(AND(ISNUMBER(L12),L12>MIN($L$2:$L$1001),COUNTIF($L$2:$L$1001,L12-1)=0,COUNTIF($L$2:$L$1001,L12-2)<2),"⚠ Missing serial "&(L12-1),IF(AND(MAX(K$1:K11)>0,N(K12)-MAX(K$1:K11)>180),"⚠ Gap > 3h",IF(C12-I12>=0.99,"next day",IF(C12-I12>0.4,"12h → 24h",""))))))))))) | H12: =IF(B12="","",_xlfn.LET(_xlpm.t,TRIM(B12),IF(LEFT(_xlpm.t,1)="[",IFERROR(TRIM(MID(_xlpm.t,FIND(": ",_xlpm.t,FIND("]",_xlpm.t))+2,500)),_xlpm.t),_xlpm.t))) | I12: =IF(H12="","",IFERROR(TIMEVALUE(TRIM(SUBSTITUTE(SUBSTITUTE(MID(H12,SEARCH(":",H12)-2,5),".",""),"*",""))),"")) | J12: =IF(OR(B12="",F12="",M12),0,IF(ISNUMBER(F12),F12,N(E12))) -> 0 | K12: =IF(OR(C12="",M12),"",ROUND(C12*1440,0)) | L12: =IF(OR(H12="",AND(I12="",D12="")),"",IFERROR(_xlfn.LET(_xlpm.t,TRIM(SUBSTITUTE(SUBSTITUTE(H12,"*",""),"_","")),VALUE(SUBSTITUTE(LEFT(_xlpm.t,FIND(" ",_xlpm.t&" ")-1),".",""))),"")) | M12: {=IF(H12="",FALSE,SUMPRODUCT(--(H$1:H11=H12))>0)} -> FALSE
A13: =IF(OR(B13="",M13,G13="— ignored"),"",MAX(A$1:A12)+1) | C13: =IF(I13="","",ROUND((I13+0.5*MAX(0,CEILING(ROUND((MAX(C$1:C12)-1/48-I13)/0.5,6),1)))*1440,0)/1440) | D13: {=IF(H13="","",IFERROR(INDEX(Log!$C$19:$G$19,VALUE(MID(H13,FIND("#",H13)+1,1))),""))} | E13: {=IF(OR(H13="",M13),"",IFERROR(_xlfn.LET(_xlpm.t,SUBSTITUTE(UPPER(H13),"م","M"),_xlpm.u,SUBSTITUTE(_xlpm.t," ",""),_xlpm.s,_xlfn.SEQUENCE(LEN(_xlpm.u)),_xlpm.p,MIN(IF((MID(_xlpm.u,_xlpm.s,1)="M")*ISNUMBER(-MID(_xlpm.u,_xlpm.s-1,1)),_xlpm.s)),_xlpm.k,LEN(LEFT(_xlpm.u,_xlpm.p))-LEN(SUBSTITUTE(LEFT(_xlpm.u,_xlpm.p),"M","")),_xlpm.pos,FIND(CHAR(1),SUBSTITUTE(_xlpm.t,"M",CHAR(1),_xlpm.k)),_xlpm.b,TRIM(LEFT(_xlpm.t,_xlpm.pos-1)),_xlpm.tok,TRIM(RIGHT(SUBSTITUTE(_xlpm.b," ",REPT(" ",30)),30)),_xlpm.z,_xlfn.SEQUENCE(LEN(_xlpm.tok)),_xlpm.q,MAX(IF(ISNUMBER(FIND(MID(_xlpm.tok,_xlpm.z,1),"0123456789.")),0,_xlpm.z)),_xlpm.num,MID(_xlpm.tok,_xlpm.q+1,30),VALUE(IF(LEFT(_xlpm.num,1)=".",MID(_xlpm.num,2,30),_xlpm.num))),""))} | G13: =IF(B13="","",IF(M13,"⚠ Duplicate (not counted)",IF(AND(I13="",D13="",E13=""),"— ignored",IF(C13="","⚠ Time",IF(D13="","⚠ Plant",IF(E13="","⚠ Quantity",IF(AND(ISNUMBER(L13),COUNTIF(L$1:L12,L13)>0),"⚠ Same serial "&L13,IF(AND(ISNUMBER(L13),L13>MIN($L$2:$L$1001),COUNTIF($L$2:$L$1001,L13-1)=0,COUNTIF($L$2:$L$1001,L13-2)<2),"⚠ Missing serial "&(L13-1),IF(AND(MAX(K$1:K12)>0,N(K13)-MAX(K$1:K12)>180),"⚠ Gap > 3h",IF(C13-I13>=0.99,"next day",IF(C13-I13>0.4,"12h → 24h",""))))))))))) | H13: =IF(B13="","",_xlfn.LET(_xlpm.t,TRIM(B13),IF(LEFT(_xlpm.t,1)="[",IFERROR(TRIM(MID(_xlpm.t,FIND(": ",_xlpm.t,FIND("]",_xlpm.t))+2,500)),_xlpm.t),_xlpm.t))) | I13: =IF(H13="","",IFERROR(TIMEVALUE(TRIM(SUBSTITUTE(SUBSTITUTE(MID(H13,SEARCH(":",H13)-2,5),".",""),"*",""))),"")) | J13: =IF(OR(B13="",F13="",M13),0,IF(ISNUMBER(F13),F13,N(E13))) -> 0 | K13: =IF(OR(C13="",M13),"",ROUND(C13*1440,0)) | L13: =IF(OR(H13="",AND(I13="",D13="")),"",IFERROR(_xlfn.LET(_xlpm.t,TRIM(SUBSTITUTE(SUBSTITUTE(H13,"*",""),"_","")),VALUE(SUBSTITUTE(LEFT(_xlpm.t,FIND(" ",_xlpm.t&" ")-1),".",""))),"")) | M13: {=IF(H13="",FALSE,SUMPRODUCT(--(H$1:H12=H13))>0)} -> FALSE
A14: =IF(OR(B14="",M14,G14="— ignored"),"",MAX(A$1:A13)+1) | C14: =IF(I14="","",ROUND((I14+0.5*MAX(0,CEILING(ROUND((MAX(C$1:C13)-1/48-I14)/0.5,6),1)))*1440,0)/1440) | D14: {=IF(H14="","",IFERROR(INDEX(Log!$C$19:$G$19,VALUE(MID(H14,FIND("#",H14)+1,1))),""))} | E14: {=IF(OR(H14="",M14),"",IFERROR(_xlfn.LET(_xlpm.t,SUBSTITUTE(UPPER(H14),"م","M"),_xlpm.u,SUBSTITUTE(_xlpm.t," ",""),_xlpm.s,_xlfn.SEQUENCE(LEN(_xlpm.u)),_xlpm.p,MIN(IF((MID(_xlpm.u,_xlpm.s,1)="M")*ISNUMBER(-MID(_xlpm.u,_xlpm.s-1,1)),_xlpm.s)),_xlpm.k,LEN(LEFT(_xlpm.u,_xlpm.p))-LEN(SUBSTITUTE(LEFT(_xlpm.u,_xlpm.p),"M","")),_xlpm.pos,FIND(CHAR(1),SUBSTITUTE(_xlpm.t,"M",CHAR(1),_xlpm.k)),_xlpm.b,TRIM(LEFT(_xlpm.t,_xlpm.pos-1)),_xlpm.tok,TRIM(RIGHT(SUBSTITUTE(_xlpm.b," ",REPT(" ",30)),30)),_xlpm.z,_xlfn.SEQUENCE(LEN(_xlpm.tok)),_xlpm.q,MAX(IF(ISNUMBER(FIND(MID(_xlpm.tok,_xlpm.z,1),"0123456789.")),0,_xlpm.z)),_xlpm.num,MID(_xlpm.tok,_xlpm.q+1,30),VALUE(IF(LEFT(_xlpm.num,1)=".",MID(_xlpm.num,2,30),_xlpm.num))),""))} | G14: =IF(B14="","",IF(M14,"⚠ Duplicate (not counted)",IF(AND(I14="",D14="",E14=""),"— ignored",IF(C14="","⚠ Time",IF(D14="","⚠ Plant",IF(E14="","⚠ Quantity",IF(AND(ISNUMBER(L14),COUNTIF(L$1:L13,L14)>0),"⚠ Same serial "&L14,IF(AND(ISNUMBER(L14),L14>MIN($L$2:$L$1001),COUNTIF($L$2:$L$1001,L14-1)=0,COUNTIF($L$2:$L$1001,L14-2)<2),"⚠ Missing serial "&(L14-1),IF(AND(MAX(K$1:K13)>0,N(K14)-MAX(K$1:K13)>180),"⚠ Gap > 3h",IF(C14-I14>=0.99,"next day",IF(C14-I14>0.4,"12h → 24h",""))))))))))) | H14: =IF(B14="","",_xlfn.LET(_xlpm.t,TRIM(B14),IF(LEFT(_xlpm.t,1)="[",IFERROR(TRIM(MID(_xlpm.t,FIND(": ",_xlpm.t,FIND("]",_xlpm.t))+2,500)),_xlpm.t),_xlpm.t))) | I14: =IF(H14="","",IFERROR(TIMEVALUE(TRIM(SUBSTITUTE(SUBSTITUTE(MID(H14,SEARCH(":",H14)-2,5),".",""),"*",""))),"")) | J14: =IF(OR(B14="",F14="",M14),0,IF(ISNUMBER(F14),F14,N(E14))) -> 0 | K14: =IF(OR(C14="",M14),"",ROUND(C14*1440,0)) | L14: =IF(OR(H14="",AND(I14="",D14="")),"",IFERROR(_xlfn.LET(_xlpm.t,TRIM(SUBSTITUTE(SUBSTITUTE(H14,"*",""),"_","")),VALUE(SUBSTITUTE(LEFT(_xlpm.t,FIND(" ",_xlpm.t&" ")-1),".",""))),"")) | M14: {=IF(H14="",FALSE,SUMPRODUCT(--(H$1:H13=H14))>0)} -> FALSE
A15: =IF(OR(B15="",M15,G15="— ignored"),"",MAX(A$1:A14)+1) | C15: =IF(I15="","",ROUND((I15+0.5*MAX(0,CEILING(ROUND((MAX(C$1:C14)-1/48-I15)/0.5,6),1)))*1440,0)/1440) | D15: {=IF(H15="","",IFERROR(INDEX(Log!$C$19:$G$19,VALUE(MID(H15,FIND("#",H15)+1,1))),""))} | E15: {=IF(OR(H15="",M15),"",IFERROR(_xlfn.LET(_xlpm.t,SUBSTITUTE(UPPER(H15),"م","M"),_xlpm.u,SUBSTITUTE(_xlpm.t," ",""),_xlpm.s,_xlfn.SEQUENCE(LEN(_xlpm.u)),_xlpm.p,MIN(IF((MID(_xlpm.u,_xlpm.s,1)="M")*ISNUMBER(-MID(_xlpm.u,_xlpm.s-1,1)),_xlpm.s)),_xlpm.k,LEN(LEFT(_xlpm.u,_xlpm.p))-LEN(SUBSTITUTE(LEFT(_xlpm.u,_xlpm.p),"M","")),_xlpm.pos,FIND(CHAR(1),SUBSTITUTE(_xlpm.t,"M",CHAR(1),_xlpm.k)),_xlpm.b,TRIM(LEFT(_xlpm.t,_xlpm.pos-1)),_xlpm.tok,TRIM(RIGHT(SUBSTITUTE(_xlpm.b," ",REPT(" ",30)),30)),_xlpm.z,_xlfn.SEQUENCE(LEN(_xlpm.tok)),_xlpm.q,MAX(IF(ISNUMBER(FIND(MID(_xlpm.tok,_xlpm.z,1),"0123456789.")),0,_xlpm.z)),_xlpm.num,MID(_xlpm.tok,_xlpm.q+1,30),VALUE(IF(LEFT(_xlpm.num,1)=".",MID(_xlpm.num,2,30),_xlpm.num))),""))} | G15: =IF(B15="","",IF(M15,"⚠ Duplicate (not counted)",IF(AND(I15="",D15="",E15=""),"— ignored",IF(C15="","⚠ Time",IF(D15="","⚠ Plant",IF(E15="","⚠ Quantity",IF(AND(ISNUMBER(L15),COUNTIF(L$1:L14,L15)>0),"⚠ Same serial "&L15,IF(AND(ISNUMBER(L15),L15>MIN($L$2:$L$1001),COUNTIF($L$2:$L$1001,L15-1)=0,COUNTIF($L$2:$L$1001,L15-2)<2),"⚠ Missing serial "&(L15-1),IF(AND(MAX(K$1:K14)>0,N(K15)-MAX(K$1:K14)>180),"⚠ Gap > 3h",IF(C15-I15>=0.99,"next day",IF(C15-I15>0.4,"12h → 24h",""))))))))))) | H15: =IF(B15="","",_xlfn.LET(_xlpm.t,TRIM(B15),IF(LEFT(_xlpm.t,1)="[",IFERROR(TRIM(MID(_xlpm.t,FIND(": ",_xlpm.t,FIND("]",_xlpm.t))+2,500)),_xlpm.t),_xlpm.t))) | I15: =IF(H15="","",IFERROR(TIMEVALUE(TRIM(SUBSTITUTE(SUBSTITUTE(MID(H15,SEARCH(":",H15)-2,5),".",""),"*",""))),"")) | J15: =IF(OR(B15="",F15="",M15),0,IF(ISNUMBER(F15),F15,N(E15))) -> 0 | K15: =IF(OR(C15="",M15),"",ROUND(C15*1440,0)) | L15: =IF(OR(H15="",AND(I15="",D15="")),"",IFERROR(_xlfn.LET(_xlpm.t,TRIM(SUBSTITUTE(SUBSTITUTE(H15,"*",""),"_","")),VALUE(SUBSTITUTE(LEFT(_xlpm.t,FIND(" ",_xlpm.t&" ")-1),".",""))),"")) | M15: {=IF(H15="",FALSE,SUMPRODUCT(--(H$1:H14=H15))>0)} -> FALSE
A16: =IF(OR(B16="",M16,G16="— ignored"),"",MAX(A$1:A15)+1) | C16: =IF(I16="","",ROUND((I16+0.5*MAX(0,CEILING(ROUND((MAX(C$1:C15)-1/48-I16)/0.5,6),1)))*1440,0)/1440) | D16: {=IF(H16="","",IFERROR(INDEX(Log!$C$19:$G$19,VALUE(MID(H16,FIND("#",H16)+1,1))),""))} | E16: {=IF(OR(H16="",M16),"",IFERROR(_xlfn.LET(_xlpm.t,SUBSTITUTE(UPPER(H16),"م","M"),_xlpm.u,SUBSTITUTE(_xlpm.t," ",""),_xlpm.s,_xlfn.SEQUENCE(LEN(_xlpm.u)),_xlpm.p,MIN(IF((MID(_xlpm.u,_xlpm.s,1)="M")*ISNUMBER(-MID(_xlpm.u,_xlpm.s-1,1)),_xlpm.s)),_xlpm.k,LEN(LEFT(_xlpm.u,_xlpm.p))-LEN(SUBSTITUTE(LEFT(_xlpm.u,_xlpm.p),"M","")),_xlpm.pos,FIND(CHAR(1),SUBSTITUTE(_xlpm.t,"M",CHAR(1),_xlpm.k)),_xlpm.b,TRIM(LEFT(_xlpm.t,_xlpm.pos-1)),_xlpm.tok,TRIM(RIGHT(SUBSTITUTE(_xlpm.b," ",REPT(" ",30)),30)),_xlpm.z,_xlfn.SEQUENCE(LEN(_xlpm.tok)),_xlpm.q,MAX(IF(ISNUMBER(FIND(MID(_xlpm.tok,_xlpm.z,1),"0123456789.")),0,_xlpm.z)),_xlpm.num,MID(_xlpm.tok,_xlpm.q+1,30),VALUE(IF(LEFT(_xlpm.num,1)=".",MID(_xlpm.num,2,30),_xlpm.num))),""))} | G16: =IF(B16="","",IF(M16,"⚠ Duplicate (not counted)",IF(AND(I16="",D16="",E16=""),"— ignored",IF(C16="","⚠ Time",IF(D16="","⚠ Plant",IF(E16="","⚠ Quantity",IF(AND(ISNUMBER(L16),COUNTIF(L$1:L15,L16)>0),"⚠ Same serial "&L16,IF(AND(ISNUMBER(L16),L16>MIN($L$2:$L$1001),COUNTIF($L$2:$L$1001,L16-1)=0,COUNTIF($L$2:$L$1001,L16-2)<2),"⚠ Missing serial "&(L16-1),IF(AND(MAX(K$1:K15)>0,N(K16)-MAX(K$1:K15)>180),"⚠ Gap > 3h",IF(C16-I16>=0.99,"next day",IF(C16-I16>0.4,"12h → 24h",""))))))))))) | H16: =IF(B16="","",_xlfn.LET(_xlpm.t,TRIM(B16),IF(LEFT(_xlpm.t,1)="[",IFERROR(TRIM(MID(_xlpm.t,FIND(": ",_xlpm.t,FIND("]",_xlpm.t))+2,500)),_xlpm.t),_xlpm.t))) | I16: =IF(H16="","",IFERROR(TIMEVALUE(TRIM(SUBSTITUTE(SUBSTITUTE(MID(H16,SEARCH(":",H16)-2,5),".",""),"*",""))),"")) | J16: =IF(OR(B16="",F16="",M16),0,IF(ISNUMBER(F16),F16,N(E16))) -> 0 | K16: =IF(OR(C16="",M16),"",ROUND(C16*1440,0)) | L16: =IF(OR(H16="",AND(I16="",D16="")),"",IFERROR(_xlfn.LET(_xlpm.t,TRIM(SUBSTITUTE(SUBSTITUTE(H16,"*",""),"_","")),VALUE(SUBSTITUTE(LEFT(_xlpm.t,FIND(" ",_xlpm.t&" ")-1),".",""))),"")) | M16: {=IF(H16="",FALSE,SUMPRODUCT(--(H$1:H15=H16))>0)} -> FALSE
A17: =IF(OR(B17="",M17,G17="— ignored"),"",MAX(A$1:A16)+1) | C17: =IF(I17="","",ROUND((I17+0.5*MAX(0,CEILING(ROUND((MAX(C$1:C16)-1/48-I17)/0.5,6),1)))*1440,0)/1440) | D17: {=IF(H17="","",IFERROR(INDEX(Log!$C$19:$G$19,VALUE(MID(H17,FIND("#",H17)+1,1))),""))} | E17: {=IF(OR(H17="",M17),"",IFERROR(_xlfn.LET(_xlpm.t,SUBSTITUTE(UPPER(H17),"م","M"),_xlpm.u,SUBSTITUTE(_xlpm.t," ",""),_xlpm.s,_xlfn.SEQUENCE(LEN(_xlpm.u)),_xlpm.p,MIN(IF((MID(_xlpm.u,_xlpm.s,1)="M")*ISNUMBER(-MID(_xlpm.u,_xlpm.s-1,1)),_xlpm.s)),_xlpm.k,LEN(LEFT(_xlpm.u,_xlpm.p))-LEN(SUBSTITUTE(LEFT(_xlpm.u,_xlpm.p),"M","")),_xlpm.pos,FIND(CHAR(1),SUBSTITUTE(_xlpm.t,"M",CHAR(1),_xlpm.k)),_xlpm.b,TRIM(LEFT(_xlpm.t,_xlpm.pos-1)),_xlpm.tok,TRIM(RIGHT(SUBSTITUTE(_xlpm.b," ",REPT(" ",30)),30)),_xlpm.z,_xlfn.SEQUENCE(LEN(_xlpm.tok)),_xlpm.q,MAX(IF(ISNUMBER(FIND(MID(_xlpm.tok,_xlpm.z,1),"0123456789.")),0,_xlpm.z)),_xlpm.num,MID(_xlpm.tok,_xlpm.q+1,30),VALUE(IF(LEFT(_xlpm.num,1)=".",MID(_xlpm.num,2,30),_xlpm.num))),""))} | G17: =IF(B17="","",IF(M17,"⚠ Duplicate (not counted)",IF(AND(I17="",D17="",E17=""),"— ignored",IF(C17="","⚠ Time",IF(D17="","⚠ Plant",IF(E17="","⚠ Quantity",IF(AND(ISNUMBER(L17),COUNTIF(L$1:L16,L17)>0),"⚠ Same serial "&L17,IF(AND(ISNUMBER(L17),L17>MIN($L$2:$L$1001),COUNTIF($L$2:$L$1001,L17-1)=0,COUNTIF($L$2:$L$1001,L17-2)<2),"⚠ Missing serial "&(L17-1),IF(AND(MAX(K$1:K16)>0,N(K17)-MAX(K$1:K16)>180),"⚠ Gap > 3h",IF(C17-I17>=0.99,"next day",IF(C17-I17>0.4,"12h → 24h",""))))))))))) | H17: =IF(B17="","",_xlfn.LET(_xlpm.t,TRIM(B17),IF(LEFT(_xlpm.t,1)="[",IFERROR(TRIM(MID(_xlpm.t,FIND(": ",_xlpm.t,FIND("]",_xlpm.t))+2,500)),_xlpm.t),_xlpm.t))) | I17: =IF(H17="","",IFERROR(TIMEVALUE(TRIM(SUBSTITUTE(SUBSTITUTE(MID(H17,SEARCH(":",H17)-2,5),".",""),"*",""))),"")) | J17: =IF(OR(B17="",F17="",M17),0,IF(ISNUMBER(F17),F17,N(E17))) -> 0 | K17: =IF(OR(C17="",M17),"",ROUND(C17*1440,0)) | L17: =IF(OR(H17="",AND(I17="",D17="")),"",IFERROR(_xlfn.LET(_xlpm.t,TRIM(SUBSTITUTE(SUBSTITUTE(H17,"*",""),"_","")),VALUE(SUBSTITUTE(LEFT(_xlpm.t,FIND(" ",_xlpm.t&" ")-1),".",""))),"")) | M17: {=IF(H17="",FALSE,SUMPRODUCT(--(H$1:H16=H17))>0)} -> FALSE
A18: =IF(OR(B18="",M18,G18="— ignored"),"",MAX(A$1:A17)+1) | C18: =IF(I18="","",ROUND((I18+0.5*MAX(0,CEILING(ROUND((MAX(C$1:C17)-1/48-I18)/0.5,6),1)))*1440,0)/1440) | D18: {=IF(H18="","",IFERROR(INDEX(Log!$C$19:$G$19,VALUE(MID(H18,FIND("#",H18)+1,1))),""))} | E18: {=IF(OR(H18="",M18),"",IFERROR(_xlfn.LET(_xlpm.t,SUBSTITUTE(UPPER(H18),"م","M"),_xlpm.u,SUBSTITUTE(_xlpm.t," ",""),_xlpm.s,_xlfn.SEQUENCE(LEN(_xlpm.u)),_xlpm.p,MIN(IF((MID(_xlpm.u,_xlpm.s,1)="M")*ISNUMBER(-MID(_xlpm.u,_xlpm.s-1,1)),_xlpm.s)),_xlpm.k,LEN(LEFT(_xlpm.u,_xlpm.p))-LEN(SUBSTITUTE(LEFT(_xlpm.u,_xlpm.p),"M","")),_xlpm.pos,FIND(CHAR(1),SUBSTITUTE(_xlpm.t,"M",CHAR(1),_xlpm.k)),_xlpm.b,TRIM(LEFT(_xlpm.t,_xlpm.pos-1)),_xlpm.tok,TRIM(RIGHT(SUBSTITUTE(_xlpm.b," ",REPT(" ",30)),30)),_xlpm.z,_xlfn.SEQUENCE(LEN(_xlpm.tok)),_xlpm.q,MAX(IF(ISNUMBER(FIND(MID(_xlpm.tok,_xlpm.z,1),"0123456789.")),0,_xlpm.z)),_xlpm.num,MID(_xlpm.tok,_xlpm.q+1,30),VALUE(IF(LEFT(_xlpm.num,1)=".",MID(_xlpm.num,2,30),_xlpm.num))),""))} | G18: =IF(B18="","",IF(M18,"⚠ Duplicate (not counted)",IF(AND(I18="",D18="",E18=""),"— ignored",IF(C18="","⚠ Time",IF(D18="","⚠ Plant",IF(E18="","⚠ Quantity",IF(AND(ISNUMBER(L18),COUNTIF(L$1:L17,L18)>0),"⚠ Same serial "&L18,IF(AND(ISNUMBER(L18),L18>MIN($L$2:$L$1001),COUNTIF($L$2:$L$1001,L18-1)=0,COUNTIF($L$2:$L$1001,L18-2)<2),"⚠ Missing serial "&(L18-1),IF(AND(MAX(K$1:K17)>0,N(K18)-MAX(K$1:K17)>180),"⚠ Gap > 3h",IF(C18-I18>=0.99,"next day",IF(C18-I18>0.4,"12h → 24h",""))))))))))) | H18: =IF(B18="","",_xlfn.LET(_xlpm.t,TRIM(B18),IF(LEFT(_xlpm.t,1)="[",IFERROR(TRIM(MID(_xlpm.t,FIND(": ",_xlpm.t,FIND("]",_xlpm.t))+2,500)),_xlpm.t),_xlpm.t))) | I18: =IF(H18="","",IFERROR(TIMEVALUE(TRIM(SUBSTITUTE(SUBSTITUTE(MID(H18,SEARCH(":",H18)-2,5),".",""),"*",""))),"")) | J18: =IF(OR(B18="",F18="",M18),0,IF(ISNUMBER(F18),F18,N(E18))) -> 0 | K18: =IF(OR(C18="",M18),"",ROUND(C18*1440,0)) | L18: =IF(OR(H18="",AND(I18="",D18="")),"",IFERROR(_xlfn.LET(_xlpm.t,TRIM(SUBSTITUTE(SUBSTITUTE(H18,"*",""),"_","")),VALUE(SUBSTITUTE(LEFT(_xlpm.t,FIND(" ",_xlpm.t&" ")-1),".",""))),"")) | M18: {=IF(H18="",FALSE,SUMPRODUCT(--(H$1:H17=H18))>0)} -> FALSE
... A1001: =IF(OR(B1001="",M1001,G1001="— ignored"),"",MAX(A$1:A1000)+1) | C1001: =IF(I1001="","",ROUND((I1001+0.5*MAX(0,CEILING(ROUND((MAX(C$1:C1000)-1/48-I1001)/0.5,6),1)))*1440,0)/1440) | D1001: {=IF(H1001="","",IFERROR(INDEX(Log!$C$19:$G$19,VALUE(MID(H1001,FIND("#",H1001)+1,1))),""))} | E1001: {=IF(OR(H1001="",M1001),"",IFERROR(_xlfn.LET(_xlpm.t,SUBSTITUTE(UPPER(H1001),"م","M"),_xlpm.u,SUBSTITUTE(_xlpm.t," ",""),_xlpm.s,_xlfn.SEQUENCE(LEN(_xlpm.u)),_xlpm.p,MIN(IF((MID(_xlpm.u,_xlpm.s,1)="M")*ISNUMBER(-MID(_xlpm.u,_xlpm.s-1,1)),_xlpm.s)),_xlpm.k,LEN(LEFT(_xlpm.u,_xlpm.p))-LEN(SUBSTITUTE(LEFT(_xlpm.u,_xlpm.p),"M","")),_xlpm.pos,FIND(CHAR(1),SUBSTITUTE(_xlpm.t,"M",CHAR(1),_xlpm.k)),_xlpm.b,TRIM(LEFT(_xlpm.t,_xlpm.pos-1)),_xlpm.tok,TRIM(RIGHT(SUBSTITUTE(_xlpm.b," ",REPT(" ",30)),30)),_xlpm.z,_xlfn.SEQUENCE(LEN(_xlpm.tok)),_xlpm.q,MAX(IF(ISNUMBER(FIND(MID(_xlpm.tok,_xlpm.z,1),"0123456789.")),0,_xlpm.z)),_xlpm.num,MID(_xlpm.tok,_xlpm.q+1,30),VALUE(IF(LEFT(_xlpm.num,1)=".",MID(_xlpm.num,2,30),_xlpm.num))),""))} | G1001: =IF(B1001="","",IF(M1001,"⚠ Duplicate (not counted)",IF(AND(I1001="",D1001="",E1001=""),"— ignored",IF(C1001="","⚠ Time",IF(D1001="","⚠ Plant",IF(E1001="","⚠ Quantity",IF(AND(ISNUMBER(L1001),COUNTIF(L$1:L1000,L1001)>0),"⚠ Same serial "&L1001,IF(AND(ISNUMBER(L1001),L1001>MIN($L$2:$L$1001),COUNTIF($L$2:$L$1001,L1001-1)=0,COUNTIF($L$2:$L$1001,L1001-2)<2),"⚠ Missing serial "&(L1001-1),IF(AND(MAX(K$1:K1000)>0,N(K1001)-MAX(K$1:K1000)>180),"⚠ Gap > 3h",IF(C1001-I1001>=0.99,"next day",IF(C1001-I1001>0.4,"12h → 24h",""))))))))))) | H1001: =IF(B1001="","",_xlfn.LET(_xlpm.t,TRIM(B1001),IF(LEFT(_xlpm.t,1)="[",IFERROR(TRIM(MID(_xlpm.t,FIND(": ",_xlpm.t,FIND("]",_xlpm.t))+2,500)),_xlpm.t),_xlpm.t))) | I1001: =IF(H1001="","",IFERROR(TIMEVALUE(TRIM(SUBSTITUTE(SUBSTITUTE(MID(H1001,SEARCH(":",H1001)-2,5),".",""),"*",""))),"")) | J1001: =IF(OR(B1001="",F1001="",M1001),0,IF(ISNUMBER(F1001),F1001,N(E1001))) -> 0 | K1001: =IF(OR(C1001="",M1001),"",ROUND(C1001*1440,0)) | L1001: =IF(OR(H1001="",AND(I1001="",D1001="")),"",IFERROR(_xlfn.LET(_xlpm.t,TRIM(SUBSTITUTE(SUBSTITUTE(H1001,"*",""),"_","")),VALUE(SUBSTITUTE(LEFT(_xlpm.t,FIND(" ",_xlpm.t&" ")-1),".",""))),"")) | M1001: {=IF(H1001="",FALSE,SUMPRODUCT(--(H$1:H1000=H1001))>0)} -> FALSE

Sheet Picture
B2: Right-click the picture → Copy → paste it in WhatsApp
B3: ← Back to Log

Sheet Calc
A1: i | B1: from | C1: to | D1: label | E1: rate | F1: req | G1: met | H1: below | I1: partial | J1: req line | K1: req (hour) | L1: first minute | M1: =IF(COUNT(Messages!$K:$K)=0,0,MIN(Messages!$K:$K)) -> 0 | O1: restore range | P1: R1C1 formula
A2: =ROW()-1 -> 1 | B2: =IF(A2=1,MIN($M$1,$M$2),C2-60) -> 0 | C2: =$M$2+60*A2 -> 60 | D2: =TEXT(C2/1440,"hh:mm") -> 01:00 | E2: =IF(A2<=nHours,Log!$I20,NA()) -> #N/A | F2: =IF(A2<=nHours,K2,NA()) -> #N/A | G2: =IF(A2<=nHours,IF(Log!$I20>=K2,Log!$I20,NA()),NA()) -> #N/A | H2: =IF(A2<=nHours,IF(Log!$I20<K2,Log!$I20,NA()),NA()) -> #N/A | I2: =NA() -> #N/A | J2: =IF(A2<=nHours,IF(ISNUMBER(K2),K2,NA()),NA()) -> #N/A | K2: =IF(Log!$O20<>"",Log!$O20,IF(A2=1,ReqInit,K1)) -> 0 | L2: start minute | M2: =IF(ISNUMBER(Log!$P$13),ROUND(MOD(Log!$P$13,1)*1440,0),MROUND(M1,15)) -> 0 | O2: Messages!A2:A1001 | P2: =IF(OR(RC[1]="",RC[12],RC[6]="— ignored"),"",MAX(R1C:R[-1]C)+1)
A3: =ROW()-1 -> 2 | B3: =IF(A3=1,MIN($M$1,$M$2),C3-60) -> 60 | C3: =$M$2+60*A3 -> 120 | D3: =TEXT(C3/1440,"hh:mm") -> 02:00 | E3: =IF(A3<=nHours,Log!$I21,NA()) -> #N/A | F3: =IF(A3<=nHours,K3,NA()) -> #N/A | G3: =IF(A3<=nHours,IF(Log!$I21>=K3,Log!$I21,NA()),NA()) -> #N/A | H3: =IF(A3<=nHours,IF(Log!$I21<K3,Log!$I21,NA()),NA()) -> #N/A | I3: =NA() -> #N/A | J3: =IF(A3<=nHours,IF(ISNUMBER(K3),K3,NA()),NA()) -> #N/A | K3: =IF(Log!$O21<>"",Log!$O21,IF(A3=1,ReqInit,K2)) -> 0 | L3: last minute | M3: =IF(COUNT(Messages!$K:$K)=0,0,MAX(Messages!$K:$K)) -> 0 | O3: Messages!C2:C1001 | P3: =IF(RC[6]="","",ROUND((RC[6]+0.5*MAX(0,CEILING(ROUND((MAX(R1C:R[-1]C)-1/48-RC[6])/0.5,6),1)))*1440,0)/1440)
A4: =ROW()-1 -> 3 | B4: =IF(A4=1,MIN($M$1,$M$2),C4-60) -> 120 | C4: =$M$2+60*A4 -> 180 | D4: =TEXT(C4/1440,"hh:mm") -> 03:00 | E4: =IF(A4<=nHours,Log!$I22,NA()) -> #N/A | F4: =IF(A4<=nHours,K4,NA()) -> #N/A | G4: =IF(A4<=nHours,IF(Log!$I22>=K4,Log!$I22,NA()),NA()) -> #N/A | H4: =IF(A4<=nHours,IF(Log!$I22<K4,Log!$I22,NA()),NA()) -> #N/A | I4: =NA() -> #N/A | J4: =IF(A4<=nHours,IF(ISNUMBER(K4),K4,NA()),NA()) -> #N/A | K4: =IF(Log!$O22<>"",Log!$O22,IF(A4=1,ReqInit,K3)) -> 0 | L4: hours | M4: =IF(COUNT(Messages!$K:$K)=0,0,MAX(1,MIN(48,INT((M3-M2)/60)+1))) -> 0 | O4: Messages!D2:D1001 | P4: =IF(RC[4]="","",IFERROR(INDEX(Log!R19C3:R19C7,VALUE(MID(RC[4],FIND("#",RC[4])+1,1))),""))
A5: =ROW()-1 -> 4 | B5: =IF(A5=1,MIN($M$1,$M$2),C5-60) -> 180 | C5: =$M$2+60*A5 -> 240 | D5: =TEXT(C5/1440,"hh:mm") -> 04:00 | E5: =IF(A5<=nHours,Log!$I23,NA()) -> #N/A | F5: =IF(A5<=nHours,K5,NA()) -> #N/A | G5: =IF(A5<=nHours,IF(Log!$I23>=K5,Log!$I23,NA()),NA()) -> #N/A | H5: =IF(A5<=nHours,IF(Log!$I23<K5,Log!$I23,NA()),NA()) -> #N/A | I5: =NA() -> #N/A | J5: =IF(A5<=nHours,IF(ISNUMBER(K5),K5,NA()),NA()) -> #N/A | K5: =IF(Log!$O23<>"",Log!$O23,IF(A5=1,ReqInit,K4)) -> 0 | O5: Messages!E2:E1001 | P5: =IF(OR(RC[3]="",RC[8]),"",IFERROR(LET(t,SUBSTITUTE(UPPER(RC[3]),"م","M"),u,SUBSTITUTE(t," ",""),s,SEQUENCE(LEN(u)),p,MIN(IF((MID(u,s,1)="M")*ISNUMBER(-MID(u,s-1,1)),s)),k,LEN(LEFT(u,p))-LEN(SUBSTITUTE(LEFT(u,p),"M","")),pos,FIND(CHAR(1),SUBSTITUTE(t,"M",CHAR(1),k)),b,TRIM(LEFT(t,pos-1)),tok,TRIM(RIGHT(SUBSTITUTE(b," ",REPT(" ",30)),30)),z,SEQUENCE(LEN(tok)),q,MAX(IF(ISNUMBER(FIND(MID(tok,z,1),"0123456789.")),0,z)),num,MID(tok,q+1,30),VALUE(IF(LEFT(num,1)=".",MID(num,2,30),num))),""))
A6: =ROW()-1 -> 5 | B6: =IF(A6=1,MIN($M$1,$M$2),C6-60) -> 240 | C6: =$M$2+60*A6 -> 300 | D6: =TEXT(C6/1440,"hh:mm") -> 05:00 | E6: =IF(A6<=nHours,Log!$I24,NA()) -> #N/A | F6: =IF(A6<=nHours,K6,NA()) -> #N/A | G6: =IF(A6<=nHours,IF(Log!$I24>=K6,Log!$I24,NA()),NA()) -> #N/A | H6: =IF(A6<=nHours,IF(Log!$I24<K6,Log!$I24,NA()),NA()) -> #N/A | I6: =NA() -> #N/A | J6: =IF(A6<=nHours,IF(ISNUMBER(K6),K6,NA()),NA()) -> #N/A | K6: =IF(Log!$O24<>"",Log!$O24,IF(A6=1,ReqInit,K5)) -> 0 | O6: Messages!G2:G1001 | P6: =IF(RC[-5]="","",IF(RC[6],"⚠ Duplicate (not counted)",IF(AND(RC[2]="",RC[-3]="",RC[-2]=""),"— ignored",IF(RC[-4]="","⚠ Time",IF(RC[-3]="","⚠ Plant",IF(RC[-2]="","⚠ Quantity",IF(AND(ISNUMBER(RC[5]),COUNTIF(R1C[5]:R[-1]C[5],RC[5])>0),"⚠ Same serial "&RC[5],IF(AND(ISNUMBER(RC[5]),RC[5]>MIN(R2C12:R1001C12),COUNTIF(R2C12:R1001C12,RC[5]-1)=0,COUNTIF(R2C12:R1001C12,RC[5]-2)<2),"⚠ Missing serial "&(RC[5]-1),IF(AND(MAX(R1C[4]:R[-1]C[4])>0,N(RC[4])-MAX(R1C[4]:R[-1]C[4])>180),"⚠ Gap > 3h",IF(RC[-4]-RC[2]>=0.99,"next day",IF(RC[-4]-RC[2]>0.4,"12h → 24h","")))))))))))
A7: =ROW()-1 -> 6 | B7: =IF(A7=1,MIN($M$1,$M$2),C7-60) -> 300 | C7: =$M$2+60*A7 -> 360 | D7: =TEXT(C7/1440,"hh:mm") -> 06:00 | E7: =IF(A7<=nHours,Log!$I25,NA()) -> #N/A | F7: =IF(A7<=nHours,K7,NA()) -> #N/A | G7: =IF(A7<=nHours,IF(Log!$I25>=K7,Log!$I25,NA()),NA()) -> #N/A | H7: =IF(A7<=nHours,IF(Log!$I25<K7,Log!$I25,NA()),NA()) -> #N/A | I7: =NA() -> #N/A | J7: =IF(A7<=nHours,IF(ISNUMBER(K7),K7,NA()),NA()) -> #N/A | K7: =IF(Log!$O25<>"",Log!$O25,IF(A7=1,ReqInit,K6)) -> 0 | L7: progress % | M7: =IF(N(Log!$P$11)<=0,"",TEXT((Log!$G$6-Log!$L$6)/Log!$P$11,"0%")) | O7: Messages!H2:H1001 | P7: =IF(RC[-6]="","",LET(t,TRIM(RC[-6]),IF(LEFT(t,1)="[",IFERROR(TRIM(MID(t,FIND(": ",t,FIND("]",t))+2,500)),t),t)))
A8: =ROW()-1 -> 7 | B8: =IF(A8=1,MIN($M$1,$M$2),C8-60) -> 360 | C8: =$M$2+60*A8 -> 420 | D8: =TEXT(C8/1440,"hh:mm") -> 07:00 | E8: =IF(A8<=nHours,Log!$I26,NA()) -> #N/A | F8: =IF(A8<=nHours,K8,NA()) -> #N/A | G8: =IF(A8<=nHours,IF(Log!$I26>=K8,Log!$I26,NA()),NA()) -> #N/A | H8: =IF(A8<=nHours,IF(Log!$I26<K8,Log!$I26,NA()),NA()) -> #N/A | I8: =NA() -> #N/A | J8: =IF(A8<=nHours,IF(ISNUMBER(K8),K8,NA()),NA()) -> #N/A | K8: =IF(Log!$O26<>"",Log!$O26,IF(A8=1,ReqInit,K7)) -> 0 | L8: progress blocks | M8: =IF(N(Log!$P$11)<=0,0,ROUND(MAX(0,MIN(1,(Log!$G$6-Log!$L$6)/Log!$P$11))*20,0)) -> 0 | O8: Messages!I2:I1001 | P8: =IF(RC[-1]="","",IFERROR(TIMEVALUE(TRIM(SUBSTITUTE(SUBSTITUTE(MID(RC[-1],SEARCH(":",RC[-1])-2,5),".",""),"*",""))),""))
A9: =ROW()-1 -> 8 | B9: =IF(A9=1,MIN($M$1,$M$2),C9-60) -> 420 | C9: =$M$2+60*A9 -> 480 | D9: =TEXT(C9/1440,"hh:mm") -> 08:00 | E9: =IF(A9<=nHours,Log!$I27,NA()) -> #N/A | F9: =IF(A9<=nHours,K9,NA()) -> #N/A | G9: =IF(A9<=nHours,IF(Log!$I27>=K9,Log!$I27,NA()),NA()) -> #N/A | H9: =IF(A9<=nHours,IF(Log!$I27<K9,Log!$I27,NA()),NA()) -> #N/A | I9: =NA() -> #N/A | J9: =IF(A9<=nHours,IF(ISNUMBER(K9),K9,NA()),NA()) -> #N/A | K9: =IF(Log!$O27<>"",Log!$O27,IF(A9=1,ReqInit,K8)) -> 0 | O9: Messages!J2:J1001 | P9: =IF(OR(RC[-8]="",RC[-4]="",RC[3]),0,IF(ISNUMBER(RC[-4]),RC[-4],N(RC[-5])))
A10: =ROW()-1 -> 9 | B10: =IF(A10=1,MIN($M$1,$M$2),C10-60) -> 480 | C10: =$M$2+60*A10 -> 540 | D10: =TEXT(C10/1440,"hh:mm") -> 09:00 | E10: =IF(A10<=nHours,Log!$I28,NA()) -> #N/A | F10: =IF(A10<=nHours,K10,NA()) -> #N/A | G10: =IF(A10<=nHours,IF(Log!$I28>=K10,Log!$I28,NA()),NA()) -> #N/A | H10: =IF(A10<=nHours,IF(Log!$I28<K10,Log!$I28,NA()),NA()) -> #N/A | I10: =NA() -> #N/A | J10: =IF(A10<=nHours,IF(ISNUMBER(K10),K10,NA()),NA()) -> #N/A | K10: =IF(Log!$O28<>"",Log!$O28,IF(A10=1,ReqInit,K9)) -> 0 | O10: Messages!K2:K1001 | P10: =IF(OR(RC[-8]="",RC[2]),"",ROUND(RC[-8]*1440,0))
A11: =ROW()-1 -> 10 | B11: =IF(A11=1,MIN($M$1,$M$2),C11-60) -> 540 | C11: =$M$2+60*A11 -> 600 | D11: =TEXT(C11/1440,"hh:mm") -> 10:00 | E11: =IF(A11<=nHours,Log!$I29,NA()) -> #N/A | F11: =IF(A11<=nHours,K11,NA()) -> #N/A | G11: =IF(A11<=nHours,IF(Log!$I29>=K11,Log!$I29,NA()),NA()) -> #N/A | H11: =IF(A11<=nHours,IF(Log!$I29<K11,Log!$I29,NA()),NA()) -> #N/A | I11: =NA() -> #N/A | J11: =IF(A11<=nHours,IF(ISNUMBER(K11),K11,NA()),NA()) -> #N/A | K11: =IF(Log!$O29<>"",Log!$O29,IF(A11=1,ReqInit,K10)) -> 0 | O11: Messages!L2:L1001 | P11: =IF(OR(RC[-4]="",AND(RC[-3]="",RC[-8]="")),"",IFERROR(LET(t,TRIM(SUBSTITUTE(SUBSTITUTE(RC[-4],"*",""),"_","")),VALUE(SUBSTITUTE(LEFT(t,FIND(" ",t&" ")-1),".",""))),""))
A12: =ROW()-1 -> 11 | B12: =IF(A12=1,MIN($M$1,$M$2),C12-60) -> 600 | C12: =$M$2+60*A12 -> 660 | D12: =TEXT(C12/1440,"hh:mm") -> 11:00 | E12: =IF(A12<=nHours,Log!$I30,NA()) -> #N/A | F12: =IF(A12<=nHours,K12,NA()) -> #N/A | G12: =IF(A12<=nHours,IF(Log!$I30>=K12,Log!$I30,NA()),NA()) -> #N/A | H12: =IF(A12<=nHours,IF(Log!$I30<K12,Log!$I30,NA()),NA()) -> #N/A | I12: =NA() -> #N/A | J12: =IF(A12<=nHours,IF(ISNUMBER(K12),K12,NA()),NA()) -> #N/A | K12: =IF(Log!$O30<>"",Log!$O30,IF(A12=1,ReqInit,K11)) -> 0 | O12: Messages!M2:M1001 | P12: =IF(RC[-5]="",FALSE,SUMPRODUCT(--(R1C[-5]:R[-1]C[-5]=RC[-5]))>0)
A13: =ROW()-1 -> 12 | B13: =IF(A13=1,MIN($M$1,$M$2),C13-60) -> 660 | C13: =$M$2+60*A13 -> 720 | D13: =TEXT(C13/1440,"hh:mm") -> 12:00 | E13: =IF(A13<=nHours,Log!$I31,NA()) -> #N/A | F13: =IF(A13<=nHours,K13,NA()) -> #N/A | G13: =IF(A13<=nHours,IF(Log!$I31>=K13,Log!$I31,NA()),NA()) -> #N/A | H13: =IF(A13<=nHours,IF(Log!$I31<K13,Log!$I31,NA()),NA()) -> #N/A | I13: =NA() -> #N/A | J13: =IF(A13<=nHours,IF(ISNUMBER(K13),K13,NA()),NA()) -> #N/A | K13: =IF(Log!$O31<>"",Log!$O31,IF(A13=1,ReqInit,K12)) -> 0 | O13: Log!J20:J69
A14: =ROW()-1 -> 13 | B14: =IF(A14=1,MIN($M$1,$M$2),C14-60) -> 720 | C14: =$M$2+60*A14 -> 780 | D14: =TEXT(C14/1440,"hh:mm") -> 13:00 | E14: =IF(A14<=nHours,Log!$I32,NA()) -> #N/A | F14: =IF(A14<=nHours,K14,NA()) -> #N/A | G14: =IF(A14<=nHours,IF(Log!$I32>=K14,Log!$I32,NA()),NA()) -> #N/A | H14: =IF(A14<=nHours,IF(Log!$I32<K14,Log!$I32,NA()),NA()) -> #N/A | I14: =NA() -> #N/A | J14: =IF(A14<=nHours,IF(ISNUMBER(K14),K14,NA()),NA()) -> #N/A | K14: =IF(Log!$O32<>"",Log!$O32,IF(A14=1,ReqInit,K13)) -> 0
A15: =ROW()-1 -> 14 | B15: =IF(A15=1,MIN($M$1,$M$2),C15-60) -> 780 | C15: =$M$2+60*A15 -> 840 | D15: =TEXT(C15/1440,"hh:mm") -> 14:00 | E15: =IF(A15<=nHours,Log!$I33,NA()) -> #N/A | F15: =IF(A15<=nHours,K15,NA()) -> #N/A | G15: =IF(A15<=nHours,IF(Log!$I33>=K15,Log!$I33,NA()),NA()) -> #N/A | H15: =IF(A15<=nHours,IF(Log!$I33<K15,Log!$I33,NA()),NA()) -> #N/A | I15: =NA() -> #N/A | J15: =IF(A15<=nHours,IF(ISNUMBER(K15),K15,NA()),NA()) -> #N/A | K15: =IF(Log!$O33<>"",Log!$O33,IF(A15=1,ReqInit,K14)) -> 0
A16: =ROW()-1 -> 15 | B16: =IF(A16=1,MIN($M$1,$M$2),C16-60) -> 840 | C16: =$M$2+60*A16 -> 900 | D16: =TEXT(C16/1440,"hh:mm") -> 15:00 | E16: =IF(A16<=nHours,Log!$I34,NA()) -> #N/A | F16: =IF(A16<=nHours,K16,NA()) -> #N/A | G16: =IF(A16<=nHours,IF(Log!$I34>=K16,Log!$I34,NA()),NA()) -> #N/A | H16: =IF(A16<=nHours,IF(Log!$I34<K16,Log!$I34,NA()),NA()) -> #N/A | I16: =NA() -> #N/A | J16: =IF(A16<=nHours,IF(ISNUMBER(K16),K16,NA()),NA()) -> #N/A | K16: =IF(Log!$O34<>"",Log!$O34,IF(A16=1,ReqInit,K15)) -> 0
A17: =ROW()-1 -> 16 | B17: =IF(A17=1,MIN($M$1,$M$2),C17-60) -> 900 | C17: =$M$2+60*A17 -> 960 | D17: =TEXT(C17/1440,"hh:mm") -> 16:00 | E17: =IF(A17<=nHours,Log!$I35,NA()) -> #N/A | F17: =IF(A17<=nHours,K17,NA()) -> #N/A | G17: =IF(A17<=nHours,IF(Log!$I35>=K17,Log!$I35,NA()),NA()) -> #N/A | H17: =IF(A17<=nHours,IF(Log!$I35<K17,Log!$I35,NA()),NA()) -> #N/A | I17: =NA() -> #N/A | J17: =IF(A17<=nHours,IF(ISNUMBER(K17),K17,NA()),NA()) -> #N/A | K17: =IF(Log!$O35<>"",Log!$O35,IF(A17=1,ReqInit,K16)) -> 0
A18: =ROW()-1 -> 17 | B18: =IF(A18=1,MIN($M$1,$M$2),C18-60) -> 960 | C18: =$M$2+60*A18 -> 1020 | D18: =TEXT(C18/1440,"hh:mm") -> 17:00 | E18: =IF(A18<=nHours,Log!$I36,NA()) -> #N/A | F18: =IF(A18<=nHours,K18,NA()) -> #N/A | G18: =IF(A18<=nHours,IF(Log!$I36>=K18,Log!$I36,NA()),NA()) -> #N/A | H18: =IF(A18<=nHours,IF(Log!$I36<K18,Log!$I36,NA()),NA()) -> #N/A | I18: =NA() -> #N/A | J18: =IF(A18<=nHours,IF(ISNUMBER(K18),K18,NA()),NA()) -> #N/A | K18: =IF(Log!$O36<>"",Log!$O36,IF(A18=1,ReqInit,K17)) -> 0
A19: =ROW()-1 -> 18 | B19: =IF(A19=1,MIN($M$1,$M$2),C19-60) -> 1020 | C19: =$M$2+60*A19 -> 1080 | D19: =TEXT(C19/1440,"hh:mm") -> 18:00 | E19: =IF(A19<=nHours,Log!$I37,NA()) -> #N/A | F19: =IF(A19<=nHours,K19,NA()) -> #N/A | G19: =IF(A19<=nHours,IF(Log!$I37>=K19,Log!$I37,NA()),NA()) -> #N/A | H19: =IF(A19<=nHours,IF(Log!$I37<K19,Log!$I37,NA()),NA()) -> #N/A | I19: =NA() -> #N/A | J19: =IF(A19<=nHours,IF(ISNUMBER(K19),K19,NA()),NA()) -> #N/A | K19: =IF(Log!$O37<>"",Log!$O37,IF(A19=1,ReqInit,K18)) -> 0
A20: =ROW()-1 -> 19 | B20: =IF(A20=1,MIN($M$1,$M$2),C20-60) -> 1080 | C20: =$M$2+60*A20 -> 1140 | D20: =TEXT(C20/1440,"hh:mm") -> 19:00 | E20: =IF(A20<=nHours,Log!$I38,NA()) -> #N/A | F20: =IF(A20<=nHours,K20,NA()) -> #N/A | G20: =IF(A20<=nHours,IF(Log!$I38>=K20,Log!$I38,NA()),NA()) -> #N/A | H20: =IF(A20<=nHours,IF(Log!$I38<K20,Log!$I38,NA()),NA()) -> #N/A | I20: =NA() -> #N/A | J20: =IF(A20<=nHours,IF(ISNUMBER(K20),K20,NA()),NA()) -> #N/A | K20: =IF(Log!$O38<>"",Log!$O38,IF(A20=1,ReqInit,K19)) -> 0
A21: =ROW()-1 -> 20 | B21: =IF(A21=1,MIN($M$1,$M$2),C21-60) -> 1140 | C21: =$M$2+60*A21 -> 1200 | D21: =TEXT(C21/1440,"hh:mm") -> 20:00 | E21: =IF(A21<=nHours,Log!$I39,NA()) -> #N/A | F21: =IF(A21<=nHours,K21,NA()) -> #N/A | G21: =IF(A21<=nHours,IF(Log!$I39>=K21,Log!$I39,NA()),NA()) -> #N/A | H21: =IF(A21<=nHours,IF(Log!$I39<K21,Log!$I39,NA()),NA()) -> #N/A | I21: =NA() -> #N/A | J21: =IF(A21<=nHours,IF(ISNUMBER(K21),K21,NA()),NA()) -> #N/A | K21: =IF(Log!$O39<>"",Log!$O39,IF(A21=1,ReqInit,K20)) -> 0
A22: =ROW()-1 -> 21 | B22: =IF(A22=1,MIN($M$1,$M$2),C22-60) -> 1200 | C22: =$M$2+60*A22 -> 1260 | D22: =TEXT(C22/1440,"hh:mm") -> 21:00 | E22: =IF(A22<=nHours,Log!$I40,NA()) -> #N/A | F22: =IF(A22<=nHours,K22,NA()) -> #N/A | G22: =IF(A22<=nHours,IF(Log!$I40>=K22,Log!$I40,NA()),NA()) -> #N/A | H22: =IF(A22<=nHours,IF(Log!$I40<K22,Log!$I40,NA()),NA()) -> #N/A | I22: =NA() -> #N/A | J22: =IF(A22<=nHours,IF(ISNUMBER(K22),K22,NA()),NA()) -> #N/A | K22: =IF(Log!$O40<>"",Log!$O40,IF(A22=1,ReqInit,K21)) -> 0
A23: =ROW()-1 -> 22 | B23: =IF(A23=1,MIN($M$1,$M$2),C23-60) -> 1260 | C23: =$M$2+60*A23 -> 1320 | D23: =TEXT(C23/1440,"hh:mm") -> 22:00 | E23: =IF(A23<=nHours,Log!$I41,NA()) -> #N/A | F23: =IF(A23<=nHours,K23,NA()) -> #N/A | G23: =IF(A23<=nHours,IF(Log!$I41>=K23,Log!$I41,NA()),NA()) -> #N/A | H23: =IF(A23<=nHours,IF(Log!$I41<K23,Log!$I41,NA()),NA()) -> #N/A | I23: =NA() -> #N/A | J23: =IF(A23<=nHours,IF(ISNUMBER(K23),K23,NA()),NA()) -> #N/A | K23: =IF(Log!$O41<>"",Log!$O41,IF(A23=1,ReqInit,K22)) -> 0
A24: =ROW()-1 -> 23 | B24: =IF(A24=1,MIN($M$1,$M$2),C24-60) -> 1320 | C24: =$M$2+60*A24 -> 1380 | D24: =TEXT(C24/1440,"hh:mm") -> 23:00 | E24: =IF(A24<=nHours,Log!$I42,NA()) -> #N/A | F24: =IF(A24<=nHours,K24,NA()) -> #N/A | G24: =IF(A24<=nHours,IF(Log!$I42>=K24,Log!$I42,NA()),NA()) -> #N/A | H24: =IF(A24<=nHours,IF(Log!$I42<K24,Log!$I42,NA()),NA()) -> #N/A | I24: =NA() -> #N/A | J24: =IF(A24<=nHours,IF(ISNUMBER(K24),K24,NA()),NA()) -> #N/A | K24: =IF(Log!$O42<>"",Log!$O42,IF(A24=1,ReqInit,K23)) -> 0
A25: =ROW()-1 -> 24 | B25: =IF(A25=1,MIN($M$1,$M$2),C25-60) -> 1380 | C25: =$M$2+60*A25 -> 1440 | D25: =TEXT(C25/1440,"hh:mm") -> 00:00 | E25: =IF(A25<=nHours,Log!$I43,NA()) -> #N/A | F25: =IF(A25<=nHours,K25,NA()) -> #N/A | G25: =IF(A25<=nHours,IF(Log!$I43>=K25,Log!$I43,NA()),NA()) -> #N/A | H25: =IF(A25<=nHours,IF(Log!$I43<K25,Log!$I43,NA()),NA()) -> #N/A | I25: =NA() -> #N/A | J25: =IF(A25<=nHours,IF(ISNUMBER(K25),K25,NA()),NA()) -> #N/A | K25: =IF(Log!$O43<>"",Log!$O43,IF(A25=1,ReqInit,K24)) -> 0
... A51: =ROW()-1 -> 50 | B51: =IF(A51=1,MIN($M$1,$M$2),C51-60) -> 2940 | C51: =$M$2+60*A51 -> 3000 | D51: =TEXT(C51/1440,"hh:mm") -> 02:00 | E51: =IF(A51<=nHours,Log!$I69,NA()) -> #N/A | F51: =IF(A51<=nHours,K51,NA()) -> #N/A | G51: =IF(A51<=nHours,IF(Log!$I69>=K51,Log!$I69,NA()),NA()) -> #N/A | H51: =IF(A51<=nHours,IF(Log!$I69<K51,Log!$I69,NA()),NA()) -> #N/A | I51: =NA() -> #N/A | J51: =IF(A51<=nHours,IF(ISNUMBER(K51),K51,NA()),NA()) -> #N/A | K51: =IF(Log!$O69<>"",Log!$O69,IF(A51=1,ReqInit,K50)) -> 0
